TYPE_OF_SHOT,DISTANCE_OF_SHOT,POWER_OF_SHOT,IS_GOAL
3,45,1,0
3,40,2,0
3,36,3,0
2,40,3,0
3,42,1,0
7,27,1,1
34,46,4,0
4,20,4,1
3,20,2,1
36,27,1,1
39,20,2,1
49,20,2,1
28,45,2,0
3,40,1,0
4,22,1,1
49,43,3,0
3,46,4,0
54,35,4,0
17,46,1,0
3,39,1,0
11,32,1,0
3,38,2,0
4,20,3,1
17,34,3,0
22,26,3,0
1,20,1,1
4,20,2,1
3,31,3,0
7,38,3,0
17,34,1,0
3,34,3,0
3,44,1,0
36,24,3,1
8,40,5,0
3,38,3,0
3,36,3,0
31,46,2,0
4,20,3,1
3,23,2,1
43,36,1,0
17,37,3,0
14,36,1,0
45,27,2,0
32,20,2,1
4,20,5,1
4,20,3,1
52,40,2,0
3,29,4,0
3,46,1,0
3,20,3,1
15,20,2,1
28,42,3,0
6,43,4,0
39,20,5,1
4,22,1,1
3,39,2,0
17,39,3,0
15,27,4,0
3,45,3,0
34,44,4,0
39,20,1,1
3,24,2,1
4,20,3,1
3,37,2,0
19,55,3,0
38,38,3,0
3,37,2,0
25,30,3,0
4,20,1,1
51,36,4,0
3,24,4,1
6,20,1,1
3,39,1,0
3,45,2,0
3,32,3,0
3,20,4,1
19,42,1,0
3,39,3,0
39,20,3,1
0,36,4,0
3,35,3,0
3,20,3,1
1,20,3,1
4,20,1,1
44,39,1,0
36,32,3,0
22,34,2,0
52,42,3,0
36,24,1,1
36,40,3,0
39,20,3,1
19,35,1,0
4,47,3,0
46,20,3,1
4,20,3,1
7,45,4,0
3,35,1,0
6,44,3,0
4,20,3,1
3,37,3,0
3,44,3,0
9,32,4,0
3,33,2,0
17,46,2,0
52,26,1,0
3,33,2,0
3,36,3,0
4,20,3,1
52,37,2,0
42,76,1,0
8,33,3,0
3,41,2,0
3,36,1,0
3,44,4,0
43,38,3,0
29,34,3,0
1,20,1,1
3,44,4,0
3,34,3,0
3,37,4,0
3,45,1,0
4,38,4,0
3,24,1,1
13,43,1,0
42,36,3,0
3,39,4,0
50,44,1,0
52,35,1,0
3,27,3,1
37,39,1,0
3,34,2,0
3,48,4,0
22,41,4,0
4,20,4,1
44,47,1,0
0,35,1,0
3,38,2,0
31,35,3,0
39,21,1,1
36,41,1,0
4,20,3,1
41,34,3,0
32,20,3,1
36,38,3,0
52,37,4,0
44,27,3,0
3,25,3,1
32,20,2,1
15,20,1,1
3,43,2,0
30,35,1,0
3,37,1,0
8,37,2,0
20,37,2,0
3,47,4,0
56,44,1,0
44,32,4,0
0,45,4,0
4,20,1,1
15,28,3,0
6,34,3,0
3,44,2,0
3,44,4,0
3,44,4,0
3,40,4,0
3,46,3,0
3,45,3,0
3,32,3,0
39,20,3,1
38,38,4,0
53,36,1,0
3,32,2,0
3,38,1,0
3,43,3,0
29,41,4,0
38,33,2,0
3,47,4,0
3,37,4,0
24,39,2,0
8,36,1,0
3,24,3,1
38,30,4,0
13,27,1,1
3,36,1,0
49,32,2,0
36,37,3,0
3,26,4,1
39,20,3,1
3,39,4,0
4,20,3,1
31,20,3,1
3,32,3,0
3,20,3,1
4,20,2,1
3,37,2,0
4,20,4,1
3,34,2,0
3,31,4,0
3,35,2,0
0,25,2,1
1,20,2,1
1,20,4,1
3,27,4,0
3,36,1,0
3,27,4,0
3,32,1,0
11,39,1,0
3,37,4,0
22,45,1,0
36,42,1,0
4,20,3,1
52,26,1,0
3,45,3,0
2,20,2,1
7,20,6,1
3,40,1,0
3,33,3,0
4,20,1,1
4,20,3,1
39,20,3,1
8,44,4,0
3,39,1,0
39,20,2,1
1,20,1,1
3,38,3,0
27,31,4,0
18,25,3,1
3,27,3,1
4,20,3,1
42,45,3,0
8,24,2,1
3,36,4,0
3,40,4,0
3,45,1,0
30,37,1,0
3,34,2,0
42,34,3,0
3,20,3,1
36,35,1,0
3,33,4,0
40,30,1,0
38,36,1,0
3,32,3,0
3,46,1,0
12,38,2,0
1,45,1,0
0,31,3,0
3,34,2,0
3,36,3,0
56,25,2,0
41,36,1,0
3,40,3,0
4,20,4,1
3,46,4,0
44,40,1,0
39,21,2,1
49,47,4,0
3,45,1,0
22,20,3,1
3,44,2,0
4,20,3,1
3,27,3,1
12,44,2,0
3,30,3,0
4,20,3,1
4,20,1,1
3,20,4,1
3,42,2,0
7,32,4,0
3,40,1,0
4,20,1,1
3,23,4,1
38,34,3,0
1,38,3,0
4,20,3,1
1,20,4,1
3,29,4,0
3,48,2,0
5,46,2,0
34,45,3,0
15,46,4,0
3,34,4,0
3,46,2,0
4,20,4,1
4,20,3,1
3,36,2,0
3,24,1,1
39,22,3,1
3,50,4,0
28,37,1,0
3,48,2,0
20,30,4,0
3,27,3,1
3,46,4,0
9,44,3,0
3,39,3,0
39,46,3,0
53,40,2,0
3,31,3,0
3,43,3,0
3,31,4,0
3,33,2,0
30,28,2,0
48,42,3,0
3,39,4,0
36,36,2,0
3,23,1,1
33,46,1,0
44,39,3,0
0,44,4,0
3,41,4,0
3,35,2,0
12,20,4,1
28,44,2,0
4,20,1,1
3,38,1,0
44,25,1,1
3,40,1,0
3,37,3,0
27,44,1,0
43,33,4,0
3,39,3,0
3,36,3,0
0,42,3,0
12,20,4,1
3,46,1,0
3,30,3,0
3,30,1,0
5,20,1,1
48,20,2,1
3,45,3,0
28,32,1,0
36,38,1,0
3,39,3,0
3,45,1,0
3,38,3,0
4,20,3,1
3,36,1,0
44,26,2,0
3,34,3,0
49,20,3,1
3,30,1,0
36,40,1,0
44,31,4,0
3,20,3,1
3,39,1,0
3,40,3,0
4,20,2,1
7,27,3,1
3,36,3,0
1,20,2,1
3,35,3,0
3,37,4,0
3,28,3,0
3,45,4,0
41,45,3,0
3,26,1,1
4,20,4,1
29,24,2,1
40,38,4,0
44,20,1,1
3,30,2,0
3,33,3,0
15,46,2,0
43,34,1,0
3,23,1,1
3,38,2,0
4,20,3,1
11,42,2,0
4,20,3,1
3,40,3,0
36,49,1,0
1,20,3,1
3,39,1,0
29,45,4,0
3,23,2,1
38,34,3,0
3,30,4,0
3,39,1,0
55,38,2,0
51,46,2,0
27,45,2,0
3,44,2,0
4,22,2,1
36,43,3,0
4,20,4,1
1,20,1,1
3,46,4,0
4,21,3,1
32,41,1,0
3,39,5,0
36,41,4,0
3,47,4,0
10,26,1,1
3,38,2,0
3,39,3,0
39,20,4,1
23,41,1,0
3,46,4,0
3,44,3,0
17,38,4,0
3,40,1,0
17,35,2,0
3,42,1,0
4,20,1,1
4,40,3,0
4,20,2,1
46,20,4,1
38,32,2,0
3,35,3,0
36,25,3,0
3,44,4,0
3,24,2,1
3,42,3,0
13,35,3,0
15,38,4,0
34,38,1,0
39,20,3,1
49,39,1,0
39,20,1,1
15,35,3,0
3,40,3,0
17,38,3,0
3,32,3,0
1,20,3,1
17,39,1,0
33,27,3,0
4,21,4,1
36,44,1,0
3,30,3,0
3,45,1,0
3,28,2,1
3,36,1,0
3,45,1,0
3,26,1,1
18,36,1,0
26,35,4,0
33,23,4,1
19,34,2,0
17,26,4,0
3,45,4,0
3,38,2,0
1,20,2,1
3,37,1,0
3,34,1,0
3,37,4,0
32,40,3,0
3,35,4,0
1,45,2,0
45,45,4,0
4,20,4,1
3,32,2,0
28,20,1,1
3,38,4,0
3,36,4,0
3,44,3,0
36,41,3,0
35,26,1,1
10,45,2,0
4,20,4,1
15,35,4,0
37,34,1,0
3,27,4,0
22,20,2,1
52,29,3,0
33,20,2,1
3,40,4,0
4,20,4,1
4,20,1,1
12,20,3,1
3,37,4,0
4,20,4,1
32,20,3,1
3,30,1,0
39,20,4,1
3,39,4,0
3,20,2,1
50,34,1,0
3,28,2,1
3,30,4,0
3,38,4,0
3,42,1,0
5,20,4,1
12,20,4,1
3,45,4,0
3,40,1,0
19,37,3,0
29,45,3,0
16,30,1,0
4,37,2,0
4,20,3,1
35,33,3,0
3,32,1,0
48,35,3,0
15,32,1,0
12,20,2,1
3,26,2,1
25,40,3,0
26,29,3,0
35,33,4,0
37,47,2,0
3,44,2,0
40,36,3,0
4,20,3,1
38,38,3,0
3,37,1,0
38,40,3,0
3,39,3,0
36,44,4,0
3,40,1,0
3,39,1,0
4,21,3,1
3,26,1,1
3,37,1,0
39,33,1,0
4,20,2,1
9,45,3,0
3,39,1,0
39,20,2,1
38,31,1,0
26,21,4,1
36,42,2,0
3,33,2,0
4,20,4,1
3,43,2,0
3,28,3,0
4,20,3,1
39,20,2,1
4,20,1,1
4,20,3,1
3,42,2,0
39,20,1,1
3,38,1,0
3,42,2,0
24,20,4,1
3,41,2,0
4,20,1,1
3,39,3,0
4,20,1,1
4,20,4,1
3,34,1,0
4,20,2,1
33,37,1,0
36,42,3,0
22,27,4,0
3,39,3,0
17,35,1,0
11,38,1,0
30,40,1,0
3,20,3,1
4,22,4,1
4,20,3,1
53,31,4,0
35,20,1,1
53,37,1,0
3,37,1,0
4,20,2,1
3,36,4,0
31,45,4,0
4,23,4,1
1,20,3,1
3,26,4,1
3,42,3,0
46,20,4,1
3,29,1,1
3,43,3,0
38,31,2,0
52,46,4,0
3,30,1,0
3,44,4,0
15,36,1,0
32,34,4,0
19,20,4,1
4,20,2,1
4,20,2,1
3,39,3,0
0,37,3,0
15,35,4,0
32,20,1,1
4,20,3,1
3,33,4,0
32,20,3,1
3,20,2,1
43,32,3,0
41,41,4,0
46,45,4,0
3,46,3,0
8,36,4,0
3,56,4,0
39,20,3,1
6,20,4,1
36,39,4,0
3,38,4,0
3,46,3,0
50,40,5,0
55,46,1,0
3,43,3,0
6,38,1,0
4,20,3,1
15,30,2,0
47,38,2,0
43,30,1,0
31,26,1,1
3,38,2,0
3,35,4,0
39,20,4,1
3,31,1,0
36,34,2,0
38,42,4,0
4,20,1,1
54,31,1,0
56,46,4,0
3,26,2,1
26,34,1,0
3,33,3,0
3,45,3,0
1,20,2,1
3,32,4,0
3,39,3,0
24,20,1,1
4,20,2,1
3,42,3,0
3,35,3,0
48,42,4,0
36,41,2,0
3,40,3,0
4,20,2,1
3,25,2,1
4,22,4,1
39,20,1,1
3,35,1,0
3,24,4,1
4,20,1,1
39,37,3,0
26,24,3,1
1,21,1,1
3,41,2,0
3,28,2,1
4,20,3,1
4,20,3,1
39,20,2,1
4,20,2,1
38,38,4,0
51,36,1,0
4,20,1,1
23,31,2,0
42,43,3,0
3,39,3,0
56,47,3,0
27,46,3,0
39,21,1,1
4,20,4,1
3,25,4,1
4,20,4,1
6,39,1,0
49,20,2,1
3,26,4,1
3,34,1,0
38,28,3,0
3,31,4,0
44,34,3,0
3,26,1,1
4,20,3,1
3,37,1,0
1,20,3,1
20,27,3,0
3,40,1,0
3,44,2,0
4,22,2,1
3,31,1,0
3,38,2,0
3,32,1,0
17,38,4,0
4,20,4,1
8,32,1,0
4,20,2,1
4,20,3,1
3,20,3,1
41,46,3,0
3,34,2,0
38,39,4,0
1,20,3,1
11,38,4,0
4,21,3,1
5,44,2,0
10,20,4,1
3,35,4,0
3,33,1,0
17,35,4,0
1,20,1,1
3,39,3,0
3,33,4,0
3,34,4,0
44,34,1,0
17,38,2,0
4,20,4,1
4,20,4,1
10,36,3,0
3,44,1,0
56,20,4,1
4,20,3,1
3,49,3,0
36,45,3,0
12,20,1,1
3,45,3,0
3,39,2,0
52,33,2,0
41,35,3,0
1,29,1,1
56,32,3,0
24,45,4,0
4,20,3,1
4,22,3,1
3,45,4,0
36,45,5,0
45,60,1,0
44,32,3,0
3,44,2,0
15,43,1,0
56,20,1,1
36,36,2,0
4,20,3,1
44,30,4,0
3,34,4,0
3,41,1,0
3,39,1,0
10,20,2,1
23,45,3,0
35,36,3,0
26,31,1,0
11,46,4,0
3,37,3,0
26,20,3,1
3,26,1,1
3,36,1,0
34,42,4,0
4,20,3,1
39,20,3,1
3,39,4,0
3,45,1,0
4,20,1,1
20,29,3,0
12,20,4,1
3,26,3,1
38,38,1,0
3,27,2,1
18,38,2,0
39,20,3,1
51,37,1,0
3,42,1,0
3,45,2,0
43,31,3,0
3,38,2,0
47,41,1,0
3,46,4,0
38,26,1,1
3,36,1,0
15,45,1,0
5,25,2,1
9,48,3,0
3,36,2,0
28,40,1,0
3,39,2,0
20,38,1,0
5,20,1,1
4,20,2,1
3,46,3,0
3,39,3,0
36,42,4,0
22,47,4,0
24,35,1,0
46,20,3,1
3,24,4,1
1,20,1,1
3,30,3,0
21,29,4,0
3,23,2,1
3,43,4,0
3,37,1,0
3,20,3,1
3,43,4,0
19,40,3,0
4,22,1,1
15,38,3,0
27,27,3,0
27,38,2,0
4,23,3,1
3,30,1,0
10,40,3,0
39,20,3,1
4,20,2,1
20,23,2,1
31,28,3,0
3,46,1,0
13,46,3,0
3,38,2,0
17,38,2,0
39,20,1,1
6,37,4,0
53,33,2,0
4,20,2,1
42,41,4,0
35,40,1,0
38,37,2,0
13,45,2,0
3,20,3,1
3,36,3,0
5,36,1,0
3,37,1,0
3,46,3,0
34,20,3,1
40,41,1,0
4,20,2,1
3,44,2,0
3,34,1,0
44,26,3,0
2,46,1,0
39,20,2,1
44,27,3,0
39,20,3,1
3,45,4,0
3,36,4,0
39,21,1,1
1,21,3,1
20,25,1,1
39,20,1,1
3,26,4,1
54,27,2,0
18,50,4,0
4,20,4,1
3,27,2,1
3,43,1,0
4,21,1,1
3,40,3,0
39,20,4,1
25,33,4,0
4,21,3,1
42,47,3,0
3,34,3,0
3,45,2,0
1,20,3,1
51,47,2,0
36,44,3,0
38,30,1,0
24,39,2,0
52,35,3,0
3,36,1,0
3,42,4,0
3,45,4,0
4,20,3,1
22,46,4,0
4,20,4,1
51,36,4,0
4,20,3,1
4,20,4,1
2,43,2,0
3,37,1,0
17,20,6,1
12,20,2,1
28,39,3,0
3,38,1,0
3,30,4,0
3,45,2,0
3,44,4,0
1,20,3,1
39,20,1,1
15,40,3,0
4,20,3,1
4,20,3,1
1,20,3,1
0,20,3,1
51,30,2,0
3,41,4,0
25,45,4,0
54,38,3,0
3,35,2,0
3,39,4,0
4,20,1,1
15,31,4,0
36,32,4,0
43,45,3,0
56,20,4,1
54,44,4,0
3,20,5,1
3,30,3,0
39,20,1,1
3,26,4,1
3,36,2,0
3,44,2,0
3,30,1,0
1,20,1,1
3,36,1,0
36,40,3,0
4,20,3,1
3,46,1,0
3,27,1,1
20,33,1,0
35,45,2,0
34,20,4,1
18,20,2,1
3,26,1,1
3,28,4,0
4,20,2,1
3,45,2,0
3,38,3,0
1,21,3,1
3,37,3,0
5,20,2,1
4,20,2,1
3,20,4,1
3,20,1,1
3,43,4,0
42,44,2,0
39,20,3,1
4,20,2,1
3,45,4,0
3,39,4,0
3,37,1,0
4,21,3,1
17,41,1,0
56,20,1,1
44,47,2,0
46,46,4,0
3,49,4,0
15,25,4,1
4,20,4,1
3,30,1,0
3,34,3,0
3,43,1,0
3,41,4,0
37,32,4,0
32,45,2,0
3,37,1,0
46,20,2,1
3,20,2,1
3,28,1,1
42,47,3,0
4,20,1,1
3,39,1,0
3,28,1,1
21,40,2,0
3,46,4,0
22,44,2,0
49,20,3,1
4,20,2,1
3,20,3,1
36,48,2,0
3,30,2,0
3,34,4,0
9,20,4,1
3,24,2,1
1,20,1,1
3,42,4,0
36,37,3,0
36,32,4,0
44,35,2,0
3,35,1,0
3,34,1,0
3,30,3,0
43,42,1,0
20,38,3,0
4,23,4,1
4,20,1,1
18,25,1,1
3,41,2,0
6,44,4,0
28,44,1,0
4,20,3,1
3,37,3,0
4,20,3,1
3,33,3,0
3,42,1,0
4,20,3,1
37,40,4,0
4,20,1,1
1,20,5,1
4,20,1,1
3,38,3,0
3,37,4,0
3,42,1,0
41,38,4,0
3,34,1,0
4,21,3,1
38,34,1,0
3,46,3,0
1,20,1,1
4,22,1,1
3,30,1,0
3,45,3,0
14,25,3,1
36,39,3,0
3,36,4,0
12,20,3,1
15,27,2,1
4,20,1,1
4,20,1,1
24,42,2,0
55,45,3,0
18,20,4,1
17,24,3,1
3,37,2,0
3,33,1,0
34,37,3,0
26,35,2,0
3,36,3,0
3,45,4,0
3,45,4,0
32,46,3,0
3,44,3,0
55,41,3,0
35,37,2,0
3,35,1,0
3,44,4,0
39,22,2,1
3,37,3,0
1,20,2,1
39,20,4,1
53,39,3,0
53,48,4,0
4,20,1,1
20,43,2,0
3,33,1,0
3,44,3,0
34,39,1,0
33,31,4,0
38,33,1,0
41,44,4,0
3,25,1,1
3,38,2,0
3,27,2,1
11,40,2,0
41,28,3,0
39,20,1,1
3,35,2,0
44,35,4,0
3,40,4,0
1,20,3,1
21,36,1,0
31,47,3,0
4,21,1,1
55,37,4,0
39,20,4,1
3,36,1,0
36,25,3,0
39,20,3,1
36,45,2,0
23,33,1,0
32,21,1,1
30,34,4,0
39,26,2,0
53,44,1,0
3,31,1,0
3,42,2,0
4,20,2,1
38,44,4,0
3,35,3,0
3,37,2,0
5,41,3,0
36,45,2,0
4,20,2,1
12,37,4,0
1,20,2,1
36,46,4,0
3,44,4,0
52,44,2,0
3,34,1,0
12,20,4,1
4,20,1,1
4,20,4,1
2,20,3,1
17,25,3,1
3,40,4,0
3,38,1,0
36,43,2,0
10,38,1,0
39,22,2,1
3,32,3,0
4,20,3,1
41,45,4,0
3,39,3,0
3,45,4,0
31,46,2,0
4,20,3,1
3,45,1,0
46,44,4,0
45,49,4,0
4,20,2,1
48,23,3,1
3,39,3,0
27,20,4,1
3,31,3,0
3,25,1,1
3,34,4,0
36,48,1,0
3,45,4,0
3,37,3,0
30,37,3,0
4,22,2,1
3,44,3,0
1,24,1,1
4,22,2,1
4,20,3,1
36,36,1,0
50,44,1,0
3,44,4,0
3,45,3,0
36,42,1,0
33,45,2,0
3,45,1,0
56,20,4,1
3,45,3,0
4,20,3,1
46,20,4,1
3,31,3,0
4,20,1,1
27,37,2,0
3,29,2,0
20,40,1,0
3,32,1,0
3,37,4,0
53,46,4,0
39,39,1,0
39,20,3,1
3,31,4,0
40,47,4,0
4,21,3,1
3,40,2,0
49,28,2,0
3,28,4,0
3,37,4,0
1,20,2,1
3,39,3,0
3,37,3,0
18,29,2,0
4,20,1,1
44,30,2,0
3,34,1,0
3,25,6,0
4,20,1,1
4,20,3,1
3,38,4,0
27,25,2,1
1,20,1,1
3,46,4,0
39,20,2,1
5,35,3,0
36,34,4,0
56,20,2,1
3,38,4,0
44,34,2,0
38,34,3,0
20,26,3,1
4,22,3,1
1,20,1,1
3,44,4,0
0,24,1,1
38,35,4,0
11,38,1,0
44,33,2,0
12,26,4,0
15,38,4,0
13,42,2,0
17,36,1,0
17,38,1,0
10,48,4,0
3,39,4,0
38,36,2,0
12,45,3,0
12,20,2,1
15,46,4,0
13,31,3,0
23,44,2,0
4,20,1,1
6,34,3,0
56,40,4,0
8,46,3,0
19,49,4,0
16,37,4,0
4,20,1,1
48,35,1,0
37,20,4,1
3,60,3,0
44,27,3,0
3,33,1,0
3,32,2,0
3,30,2,0
3,33,1,0
4,20,1,1
31,40,1,0
4,20,2,1
3,39,3,0
4,20,1,1
3,38,1,0
4,20,4,1
1,20,1,1
3,45,3,0
3,40,1,0
4,23,2,1
9,32,3,0
3,39,4,0
36,33,2,0
3,39,1,0
3,33,4,0
3,27,4,0
3,44,2,0
13,44,2,0
39,20,1,1
39,20,1,1
3,42,1,0
3,37,1,0
39,20,2,1
12,37,1,0
3,29,3,0
3,48,4,0
3,42,4,0
36,46,5,0
17,35,3,0
36,45,3,0
3,27,2,1
56,22,1,1
4,22,4,1
4,22,1,1
4,20,5,1
21,44,4,0
11,45,3,0
52,32,4,0
55,45,2,0
55,36,1,0
38,43,4,0
51,36,1,0
24,20,3,1
31,35,1,0
39,20,2,1
31,36,4,0
39,20,3,1
3,43,1,0
3,43,3,0
4,20,2,1
12,29,2,0
56,48,4,0
3,38,4,0
18,38,4,0
4,22,1,1
4,20,4,1
48,29,2,0
3,37,2,0
12,20,3,1
3,26,3,1
3,37,3,0
38,30,5,0
22,33,1,0
17,27,2,1
36,38,1,0
3,29,3,0
3,38,4,0
56,45,1,0
15,36,2,0
4,22,1,1
44,46,2,0
22,26,4,0
3,34,3,0
3,38,1,0
3,38,3,0
4,20,1,1
12,46,2,0
49,20,2,1
3,38,3,0
55,38,4,0
44,29,3,0
47,47,4,0
46,20,2,1
4,20,3,1
12,20,4,1
4,20,2,1
1,20,4,1
4,20,1,1
12,20,1,1
3,40,1,0
4,20,3,1
36,26,2,0
56,34,4,0
52,30,2,0
39,20,3,1
38,35,1,0
52,38,3,0
3,33,2,0
38,36,5,0
39,20,3,1
3,38,3,0
49,20,3,1
38,32,4,0
3,36,1,0
3,46,1,0
30,35,1,0
3,47,4,0
3,20,1,1
36,45,4,0
4,21,3,1
21,45,2,0
3,44,1,0
4,20,4,1
3,37,4,0
21,44,3,0
3,41,5,0
3,37,1,0
4,20,1,1
3,45,3,0
3,45,4,0
3,20,1,1
21,39,4,0
45,38,2,0
17,34,4,0
30,33,2,0
3,34,1,0
3,33,3,0
3,45,2,0
3,39,2,0
3,34,2,0
42,39,3,0
47,46,4,0
3,41,3,0
56,45,1,0
43,30,4,0
23,27,4,0
4,20,1,1
4,20,3,1
8,29,4,0
52,25,3,0
3,42,4,0
15,37,2,0
4,22,2,1
3,23,4,1
9,37,1,0
4,20,1,1
17,30,3,0
4,20,4,1
4,20,2,1
53,36,3,0
3,40,1,0
3,45,3,0
4,20,5,1
1,48,4,0
3,40,2,0
3,20,1,1
23,38,1,0
3,26,4,1
41,40,1,0
14,48,2,0
4,20,4,1
15,36,1,0
3,29,4,0
5,45,3,0
3,37,1,0
3,46,3,0
44,27,1,0
3,43,2,0
44,28,4,0
1,39,1,0
36,28,1,0
4,20,2,1
4,20,2,1
41,20,3,1
3,34,2,0
41,34,4,0
3,43,2,0
0,27,2,1
3,44,3,0
23,35,1,0
3,46,4,0
3,38,1,0
5,45,4,0
3,44,1,0
4,21,2,1
4,20,3,1
39,20,1,1
4,20,3,1
3,33,1,0
38,36,1,0
36,20,3,1
44,24,3,1
4,20,2,1
3,36,3,0
3,45,3,0
54,24,1,1
15,32,3,0
18,39,1,0
45,41,2,0
14,36,1,0
39,20,4,1
45,35,3,0
3,37,3,0
3,31,2,0
9,36,1,0
3,40,4,0
3,44,4,0
4,20,1,1
3,20,3,1
3,46,1,0
4,22,1,1
34,36,3,0
3,36,4,0
49,34,3,0
56,41,2,0
4,20,4,1
1,20,1,1
46,20,1,1
44,40,2,0
3,34,3,0
48,45,1,0
6,36,3,0
3,20,2,1
38,33,4,0
3,20,2,1
3,36,3,0
3,37,1,0
13,40,1,0
33,41,4,0
3,45,1,0
17,39,1,0
3,46,4,0
20,28,3,0
39,20,2,1
15,37,4,0
21,20,3,1
18,20,1,1
3,29,4,0
3,32,1,0
3,48,4,0
3,44,4,0
4,21,3,1
3,31,1,0
4,20,2,1
39,20,3,1
38,40,4,0
39,20,1,1
30,33,3,0
3,41,1,0
3,33,3,0
39,30,2,0
5,20,1,1
3,36,2,0
35,32,4,0
3,29,1,1
3,30,1,0
1,20,1,1
4,20,4,1
44,20,4,1
47,40,3,0
1,20,3,1
39,20,2,1
40,47,6,0
37,38,1,0
3,31,1,0
3,42,1,0
3,47,3,0
3,36,1,0
3,37,3,0
3,20,3,1
3,40,2,0
53,46,4,0
5,40,1,0
3,41,3,0
3,46,3,0
18,45,4,0
39,20,3,1
36,33,3,0
14,30,2,0
28,45,4,0
20,36,4,0
3,36,4,0
3,40,3,0
3,46,4,0
3,38,2,0
56,20,3,1
3,44,2,0
3,26,4,1
56,20,3,1
21,36,3,0
3,42,5,0
39,20,2,1
3,40,3,0
1,21,3,1
3,28,2,1
12,35,3,0
38,20,4,1
3,20,2,1
1,20,4,1
4,20,4,1
29,33,4,0
3,37,4,0
4,20,3,1
3,32,3,0
8,38,4,0
3,36,4,0
49,21,1,1
3,32,3,0
4,20,4,1
3,39,1,0
4,20,4,1
3,41,2,0
3,47,2,0
39,20,4,1
2,46,4,0
23,35,1,0
3,41,1,0
44,27,2,0
3,46,4,0
30,39,4,0
3,44,3,0
3,42,3,0
1,20,2,1
30,20,3,1
3,47,4,0
3,41,2,0
3,44,2,0
39,20,2,1
3,40,2,0
22,42,1,0
4,21,4,1
1,20,2,1
4,20,3,1
3,47,1,0
3,37,4,0
3,38,1,0
3,34,2,0
4,20,4,1
20,42,1,0
3,38,3,0
43,35,1,0
26,44,2,0
4,20,2,1
32,41,3,0
16,33,3,0
3,37,3,0
43,33,4,0
3,37,3,0
3,20,1,1
3,28,1,1
54,48,4,0
12,20,4,1
3,42,1,0
3,36,2,0
2,28,1,1
3,42,2,0
38,34,4,0
1,40,1,0
3,40,1,0
15,39,3,0
55,20,2,1
4,20,3,1
4,20,3,1
3,20,4,1
4,20,2,1
3,44,3,0
3,35,3,0
4,20,1,1
27,44,3,0
3,20,3,1
4,20,4,1
3,58,4,0
3,34,1,0
3,36,3,0
46,20,1,1
36,37,3,0
39,20,3,1
25,44,2,0
3,37,3,0
35,36,3,0
21,44,2,0
3,41,4,0
3,25,4,1
49,38,2,0
46,36,4,0
36,41,3,0
53,38,3,0
47,45,4,0
4,20,4,1
17,38,1,0
5,34,4,0
3,27,4,0
3,33,4,0
3,40,4,0
3,28,4,0
4,20,1,1
1,20,2,1
3,73,2,0
5,44,3,0
5,20,3,1
4,22,2,1
17,20,1,1
3,39,3,0
3,32,1,0
3,44,3,0
41,38,1,0
29,21,3,1
54,38,4,0
3,34,3,0
44,25,2,1
4,20,2,1
39,20,2,1
3,20,2,1
46,40,3,0
3,39,3,0
3,74,1,0
22,44,3,0
3,34,1,0
4,20,4,1
42,20,3,1
3,37,1,0
3,46,1,0
31,43,3,0
3,40,1,0
38,38,3,0
4,20,1,1
10,46,2,0
3,38,2,0
3,29,4,0
1,49,4,0
39,23,4,1
1,20,1,1
3,36,2,0
3,55,1,0
3,39,3,0
4,20,2,1
3,33,2,0
4,20,4,1
0,25,1,1
3,40,2,0
3,44,4,0
3,36,1,0
15,38,3,0
3,39,4,0
3,46,2,0
4,20,3,1
4,20,2,1
1,20,1,1
3,33,1,0
3,32,3,0
4,20,4,1
47,21,1,1
3,31,1,0
17,41,2,0
3,20,2,1
4,20,2,1
4,20,2,1
39,20,2,1
4,21,2,1
38,25,3,0
4,20,3,1
47,27,3,0
39,20,4,1
3,35,2,0
15,39,2,0
3,26,3,1
4,20,3,1
4,20,1,1
39,20,4,1
36,43,2,0
3,26,2,1
29,38,3,0
21,43,3,0
4,20,1,1
3,36,3,0
23,41,4,0
1,20,4,1
39,20,1,1
22,45,1,0
36,46,2,0
3,49,4,0
3,41,3,0
38,38,2,0
8,36,4,0
1,20,4,1
54,36,4,0
21,43,4,0
3,44,1,0
3,34,4,0
4,20,3,1
9,35,3,0
3,42,1,0
3,44,3,0
20,38,4,0
56,20,2,1
3,33,3,0
39,20,2,1
56,46,4,0
36,45,1,0
3,58,2,0
31,27,2,0
53,42,4,0
3,40,5,0
39,20,2,1
39,20,3,1
32,24,2,1
30,27,4,0
39,20,1,1
2,23,3,1
3,38,1,0
16,45,3,0
3,45,2,0
4,20,1,1
4,20,2,1
52,32,4,0
4,21,3,1
39,20,1,1
3,32,1,0
3,24,3,1
11,46,3,0
3,43,4,0
18,35,3,0
29,46,3,0
3,32,3,0
38,45,1,0
3,38,1,0
3,40,3,0
46,41,1,0
4,47,4,0
3,44,4,0
1,20,1,1
3,36,3,0
3,38,4,0
13,31,3,0
3,45,3,0
3,48,2,0
56,41,3,0
1,20,3,1
39,41,1,0
3,39,3,0
1,20,2,1
41,39,3,0
3,42,1,0
3,45,1,0
3,27,2,1
1,20,2,1
3,28,3,0
48,43,3,0
3,39,3,0
3,28,1,1
3,41,1,0
3,40,4,0
4,20,1,1
3,39,2,0
25,44,3,0
22,35,2,0
12,20,1,1
2,45,2,0
52,34,1,0
33,35,1,0
4,20,2,1
12,20,4,1
3,46,1,0
54,39,1,0
3,34,3,0
3,30,3,0
52,34,3,0
3,33,3,0
3,44,3,0
3,48,3,0
0,45,4,0
39,20,1,1
51,47,1,0
31,37,3,0
0,25,3,1
3,35,3,0
48,45,1,0
3,44,2,0
3,47,4,0
49,20,3,1
15,28,2,0
6,25,1,1
36,46,3,0
30,40,3,0
24,40,1,0
3,38,4,0
3,39,1,0
3,23,4,1
4,20,4,1
36,34,1,0
38,34,1,0
3,20,1,1
9,25,3,1
3,46,2,0
3,36,1,0
36,29,4,0
4,22,4,1
3,47,1,0
31,41,1,0
4,20,4,1
27,20,3,1
4,20,1,1
25,36,3,0
36,47,4,0
22,39,1,0
4,20,3,1
36,42,4,0
47,20,3,1
3,35,4,0
36,35,3,0
3,45,2,0
20,33,3,0
21,45,4,0
3,30,2,0
51,33,4,0
55,33,1,0
36,39,3,0
39,20,4,1
3,37,2,0
17,28,1,1
4,20,1,1
45,44,1,0
3,40,1,0
1,20,1,1
15,45,4,0
44,24,2,1
3,20,3,1
39,20,2,1
38,31,4,0
4,20,4,1
25,45,4,0
27,40,3,0
39,20,4,1
3,38,3,0
3,39,5,0
4,20,1,1
19,44,4,0
4,20,1,1
3,45,3,0
45,45,5,0
3,39,3,0
39,20,1,1
22,37,1,0
3,37,2,0
5,20,4,1
3,44,3,0
3,38,2,0
6,39,2,0
3,36,3,0
39,20,3,1
31,42,3,0
3,44,4,0
3,34,2,0
36,41,2,0
20,28,3,0
3,38,3,0
3,35,3,0
44,34,1,0
38,38,1,0
5,38,3,0
39,21,1,1
44,28,3,0
24,39,4,0
15,45,4,0
9,41,2,0
3,32,4,0
3,39,2,0
15,33,3,0
17,39,3,0
37,27,1,1
3,46,3,0
39,20,4,1
26,41,3,0
3,46,4,0
40,42,1,0
42,45,1,0
3,44,4,0
44,24,2,1
44,29,3,0
40,28,2,0
28,46,3,0
34,20,2,1
52,28,1,0
44,28,1,0
3,44,2,0
3,46,4,0
3,42,1,0
52,29,2,0
3,30,3,0
39,21,3,1
3,29,2,0
1,20,4,1
3,36,1,0
52,44,3,0
3,20,1,1
3,47,2,0
1,20,3,1
3,37,2,0
15,37,3,0
50,41,4,0
3,45,1,0
43,35,3,0
15,29,4,0
1,20,1,1
54,39,4,0
3,45,4,0
38,38,1,0
4,20,4,1
17,31,2,0
3,20,4,1
15,33,4,0
39,20,2,1
43,40,1,0
3,35,2,0
3,31,2,0
3,42,3,0
15,44,4,0
43,37,1,0
4,20,2,1
3,40,2,0
3,38,3,0
5,20,2,1
14,25,3,1
3,20,3,1
21,36,1,0
3,38,2,0
37,30,2,0
3,37,1,0
3,33,2,0
24,37,2,0
54,37,3,0
4,20,1,1
1,20,3,1
8,41,2,0
4,20,4,1
3,29,4,0
4,21,4,1
4,21,3,1
39,22,4,1
4,22,2,1
3,42,3,0
27,27,2,0
3,39,3,0
3,30,3,0
3,20,4,1
4,20,2,1
3,37,3,0
3,37,4,0
3,37,2,0
20,41,1,0
54,35,1,0
49,41,4,0
3,28,4,0
36,46,1,0
3,26,2,1
3,46,4,0
3,38,3,0
18,20,3,1
44,37,1,0
52,36,1,0
4,20,1,1
0,39,1,0
39,23,1,1
44,26,4,0
36,45,2,0
39,21,1,1
3,30,3,0
3,23,1,1
4,20,3,1
3,28,2,1
19,20,3,1
4,20,2,1
3,31,2,0
1,20,2,1
3,36,3,0
15,20,2,1
43,41,2,0
3,39,2,0
8,45,1,0
43,32,4,0
43,46,4,0
38,32,1,0
38,36,4,0
44,27,1,0
39,25,2,1
16,30,4,0
3,44,2,0
3,25,4,1
3,39,1,0
3,42,3,0
3,44,3,0
21,43,2,0
17,39,3,0
3,35,1,0
4,20,3,1
3,20,4,1
1,20,1,1
3,45,2,0
51,25,3,0
4,20,1,1
33,35,4,0
3,39,4,0
3,45,1,0
4,20,2,1
4,21,1,1
4,20,2,1
52,37,4,0
46,27,3,0
4,25,1,1
4,23,1,1
3,27,4,0
3,34,3,0
4,20,3,1
3,37,2,0
23,33,2,0
3,34,3,0
3,44,2,0
39,20,2,1
3,35,1,0
3,37,1,0
32,46,3,0
15,34,4,0
3,45,4,0
4,20,2,1
32,20,3,1
26,40,3,0
1,38,4,0
3,37,1,0
3,32,4,0
39,20,1,1
44,27,4,0
3,34,1,0
39,20,4,1
3,41,4,0
3,20,1,1
22,36,2,0
39,20,3,1
4,20,1,1
4,20,3,1
3,45,4,0
3,35,3,0
45,41,1,0
55,44,4,0
36,45,1,0
3,46,3,0
4,20,1,1
3,33,2,0
4,20,3,1
34,43,2,0
32,20,3,1
36,39,2,0
4,20,3,1
38,39,4,0
46,20,5,1
30,38,1,0
3,35,3,0
4,20,2,1
55,20,4,1
36,42,4,0
3,54,3,0
3,37,1,0
4,20,1,1
36,40,3,0
39,20,3,1
4,20,1,1
39,39,1,0
3,37,3,0
27,39,2,0
1,22,4,1
26,41,1,0
35,34,1,0
33,20,3,1
54,36,4,0
3,45,4,0
15,34,4,0
39,20,1,1
3,39,1,0
3,36,1,0
4,20,1,1
12,45,6,0
3,35,2,0
43,32,3,0
3,38,4,0
3,41,3,0
36,37,1,0
4,21,1,1
3,33,3,0
3,46,1,0
3,38,3,0
6,42,4,0
4,20,4,1
51,30,3,0
3,37,1,0
51,39,1,0
52,39,4,0
4,22,2,1
21,24,3,1
3,46,3,0
42,36,4,0
25,31,1,0
3,42,3,0
15,27,1,1
3,47,2,0
4,22,4,1
4,20,1,1
39,20,4,1
3,44,2,0
39,21,4,1
35,20,3,1
1,20,2,1
15,27,4,0
2,32,3,0
28,24,1,1
44,34,3,0
3,26,1,1
7,36,1,0
1,20,4,1
3,27,3,1
4,20,3,1
3,30,4,0
3,47,1,0
3,38,4,0
39,20,1,1
36,46,1,0
6,45,3,0
3,46,3,0
46,22,3,1
48,46,3,0
4,20,1,1
38,34,4,0
3,40,3,0
3,47,4,0
3,25,4,1
4,22,3,1
3,32,1,0
3,39,2,0
54,41,4,0
3,30,4,0
4,43,3,0
3,28,1,1
3,34,3,0
20,40,3,0
4,20,3,1
3,46,1,0
39,20,2,1
4,21,3,1
22,39,1,0
27,27,1,1
44,30,3,0
3,37,4,0
1,20,3,1
4,20,4,1
0,25,3,1
3,38,1,0
3,44,4,0
4,20,3,1
39,20,2,1
3,36,1,0
3,30,4,0
55,43,2,0
15,34,3,0
39,21,3,1
3,37,3,0
3,43,2,0
36,26,3,0
0,42,4,0
27,28,3,0
3,41,2,0
3,42,3,0
1,20,3,1
4,20,2,1
3,45,4,0
4,20,3,1
3,26,1,1
39,20,3,1
44,29,3,0
3,32,2,0
3,32,3,0
18,23,1,1
3,35,2,0
3,37,3,0
39,20,2,1
3,34,4,0
3,46,4,0
3,43,4,0
40,37,3,0
3,35,1,0
42,41,1,0
3,45,3,0
38,40,3,0
0,23,2,1
3,30,3,0
49,20,4,1
3,43,3,0
31,47,3,0
3,20,1,1
3,44,3,0
3,26,4,1
4,21,3,1
38,38,3,0
45,33,3,0
3,37,3,0
36,31,2,0
1,20,2,1
3,45,3,0
3,44,3,0
3,35,4,0
36,32,1,0
4,20,2,1
3,46,3,0
3,47,4,0
48,46,3,0
3,35,1,0
15,38,2,0
54,25,2,0
54,37,1,0
38,37,4,0
4,20,4,1
3,32,2,0
3,40,1,0
3,30,1,0
3,44,2,0
3,36,2,0
3,44,4,0
4,20,3,1
3,47,4,0
4,20,3,1
36,37,3,0
37,45,2,0
43,32,1,0
36,46,3,0
50,42,1,0
30,26,1,1
3,37,3,0
3,35,2,0
19,45,3,0
20,46,1,0
51,44,2,0
38,40,3,0
3,45,1,0
0,45,4,0
36,24,3,1
15,46,2,0
24,45,2,0
56,20,5,1
3,48,3,0
34,47,1,0
7,59,1,0
52,29,3,0
3,40,4,0
12,20,2,1
4,20,2,1
38,36,2,0
3,39,5,0
4,20,4,1
3,47,1,0
3,47,3,0
3,45,2,0
3,47,4,0
48,40,2,0
3,42,4,0
3,45,4,0
36,38,1,0
3,40,2,0
3,50,4,0
15,23,1,1
3,44,3,0
56,36,4,0
50,42,1,0
29,45,1,0
1,20,3,1
40,38,4,0
4,21,2,1
3,41,1,0
44,37,1,0
4,37,3,0
3,46,1,0
4,20,1,1
4,25,3,1
25,40,3,0
3,31,3,0
41,41,1,0
3,35,1,0
56,38,2,0
8,38,3,0
4,20,4,1
36,38,1,0
3,45,1,0
3,36,2,0
4,20,1,1
4,20,4,1
13,20,3,1
3,42,3,0
54,44,3,0
12,21,3,1
3,44,2,0
39,20,3,1
3,45,2,0
3,46,1,0
3,36,2,0
1,20,3,1
3,29,1,1
5,40,4,0
43,32,2,0
4,20,3,1
39,20,3,1
39,20,1,1
38,28,2,0
3,42,4,0
4,20,3,1
56,21,3,1
4,20,2,1
27,38,2,0
3,39,3,0
3,25,4,1
9,46,1,0
39,20,3,1
3,38,4,0
38,36,3,0
30,31,3,0
3,25,3,1
3,38,2,0
4,22,3,1
4,21,2,1
3,41,2,0
0,23,2,1
54,26,1,0
1,20,1,1
4,20,2,1
23,29,3,0
4,20,3,1
3,30,2,0
36,38,4,0
49,35,4,0
19,47,2,0
39,25,3,0
4,20,2,1
3,20,3,1
34,34,3,0
4,20,1,1
3,40,4,0
46,46,1,0
15,33,1,0
3,36,3,0
3,38,4,0
36,25,3,0
4,20,3,1
0,31,1,0
4,22,4,1
52,20,2,1
3,32,3,0
3,28,4,0
4,20,2,1
39,20,3,1
38,34,3,0
49,30,1,0
19,45,4,0
28,45,3,0
3,38,3,0
3,31,3,0
3,42,1,0
16,34,3,0
3,45,3,0
4,20,4,1
10,20,4,1
4,20,2,1
3,38,3,0
3,29,2,0
4,21,3,1
39,21,4,1
2,27,4,0
3,40,1,0
4,20,4,1
27,24,1,1
32,21,1,1
36,39,1,0
3,27,3,1
3,37,1,0
36,41,3,0
15,28,3,0
3,37,4,0
3,39,3,0
21,43,3,0
4,20,3,1
4,21,4,1
3,27,4,0
3,46,3,0
3,31,4,0
4,20,4,1
3,27,3,1
4,20,2,1
3,32,3,0
3,37,1,0
17,34,3,0
49,42,1,0
4,20,1,1
36,36,1,0
3,46,2,0
39,39,2,0
3,45,3,0
56,20,4,1
3,42,3,0
27,26,3,0
3,31,2,0
39,22,1,1
23,33,4,0
3,37,3,0
4,20,4,1
4,20,2,1
4,20,1,1
3,47,3,0
3,44,1,0
37,34,1,0
4,20,3,1
53,37,1,0
3,20,4,1
4,23,1,1
3,47,4,0
3,45,4,0
39,42,1,0
1,20,3,1
4,20,3,1
3,23,3,1
3,42,2,0
3,37,3,0
39,37,3,0
9,44,2,0
3,37,2,0
3,36,4,0
13,35,4,0
3,37,4,0
18,31,1,0
38,36,2,0
4,20,1,1
4,21,4,1
9,44,3,0
3,45,2,0
36,45,2,0
3,45,4,0
3,45,4,0
53,46,4,0
3,42,2,0
9,42,2,0
26,21,1,1
39,37,1,0
3,41,1,0
5,20,1,1
47,20,2,1
3,35,3,0
3,37,3,0
3,37,1,0
3,34,1,0
3,44,1,0
3,44,1,0
3,29,2,0
4,20,3,1
51,49,4,0
3,25,1,1
3,23,4,1
4,20,3,1
3,26,3,1
40,33,1,0
35,20,4,1
3,47,1,0
2,24,4,1
3,35,1,0
3,33,1,0
3,39,4,0
4,20,4,1
3,37,2,0
3,35,4,0
39,20,3,1
39,20,2,1
39,22,1,1
2,44,4,0
1,20,3,1
3,38,1,0
3,39,2,0
3,45,3,0
27,23,1,1
3,20,3,1
3,43,4,0
3,33,4,0
4,20,3,1
0,41,2,0
43,30,2,0
37,20,1,1
3,36,2,0
3,39,3,0
3,36,1,0
3,20,5,1
3,39,1,0
4,44,3,0
36,28,1,0
4,22,4,1
3,20,4,1
3,39,2,0
36,28,4,0
5,26,1,1
43,41,3,0
3,34,2,0
1,20,1,1
3,45,2,0
15,45,3,0
4,21,4,1
41,40,1,0
4,20,3,1
3,34,4,0
21,40,1,0
3,39,4,0
3,40,4,0
4,20,2,1
33,46,4,0
21,20,2,1
3,28,4,0
3,37,2,0
4,20,2,1
3,32,3,0
44,32,4,0
40,44,1,0
39,20,3,1
3,47,3,0
36,37,3,0
1,38,1,0
0,40,3,0
4,21,1,1
3,27,1,1
3,36,4,0
15,40,1,0
3,45,4,0
44,31,4,0
3,44,3,0
44,28,3,0
23,35,1,0
3,20,1,1
42,45,4,0
44,35,1,0
38,39,1,0
3,37,3,0
56,34,1,0
3,37,1,0
43,34,1,0
51,39,3,0
3,32,3,0
4,20,4,1
4,29,4,0
3,38,3,0
54,46,4,0
3,39,2,0
39,35,3,0
13,30,3,0
39,22,4,1
3,44,2,0
3,36,3,0
3,43,1,0
37,32,3,0
4,20,2,1
56,45,4,0
38,37,4,0
39,20,4,1
3,37,4,0
26,20,4,1
3,39,1,0
15,41,2,0
9,32,2,0
4,21,2,1
36,45,1,0
3,39,2,0
3,41,2,0
3,34,4,0
4,20,3,1
2,47,4,0
2,41,4,0
22,41,3,0
38,32,1,0
3,36,3,0
15,34,3,0
1,20,4,1
26,37,1,0
3,40,4,0
3,29,2,0
3,30,3,0
39,22,1,1
4,22,4,1
24,36,1,0
7,44,4,0
15,36,4,0
4,20,1,1
21,47,4,0
3,34,1,0
4,20,3,1
4,20,1,1
4,20,3,1
4,20,4,1
3,29,2,0
3,45,1,0
33,40,1,0
9,38,1,0
54,39,1,0
3,44,4,0
3,32,3,0
3,44,1,0
3,43,2,0
3,38,1,0
3,32,3,0
45,32,2,0
24,34,4,0
52,37,3,0
3,23,3,1
3,30,4,0
3,33,3,0
38,35,4,0
38,37,3,0
3,42,3,0
3,34,3,0
3,27,2,1
3,34,2,0
3,25,1,1
3,40,1,0
36,45,3,0
3,42,4,0
3,31,3,0
54,38,3,0
4,20,3,1
3,23,5,1
51,44,4,0
43,34,4,0
4,20,1,1
3,39,2,0
3,43,2,0
3,32,3,0
36,43,4,0
17,36,4,0
3,40,3,0
4,20,1,1
3,45,1,0
3,20,1,1
3,20,1,1
3,49,4,0
3,35,3,0
1,20,4,1
4,20,2,1
32,20,1,1
3,46,3,0
4,20,1,1
4,20,2,1
15,35,2,0
1,28,3,0
36,44,1,0
36,39,2,0
28,44,3,0
31,38,1,0
19,30,2,0
3,44,3,0
39,20,1,1
3,47,1,0
36,36,2,0
28,36,3,0
1,20,3,1
36,36,3,0
3,45,4,0
41,46,1,0
39,39,3,0
54,26,1,0
26,36,3,0
24,46,3,0
39,21,2,1
12,20,1,1
3,54,2,0
43,42,3,0
14,35,1,0
3,33,4,0
3,23,1,1
3,39,2,0
9,34,1,0
4,21,4,1
3,28,3,0
3,28,3,0
35,20,2,1
4,20,4,1
4,20,4,1
3,25,3,1
4,20,4,1
4,22,2,1
3,38,3,0
4,20,4,1
3,39,1,0
38,29,1,0
3,37,1,0
39,21,4,1
20,45,1,0
25,40,3,0
4,22,1,1
2,36,3,0
29,21,3,1
42,42,3,0
41,41,1,0
36,39,3,0
1,20,3,1
4,20,3,1
30,40,4,0
3,39,3,0
37,26,1,1
3,45,2,0
32,39,1,0
3,39,2,0
15,36,3,0
4,20,2,1
3,35,4,0
4,20,1,1
51,24,4,0
14,37,3,0
25,36,4,0
56,45,1,0
3,29,4,0
39,20,4,1
13,39,4,0
28,45,3,0
4,21,4,1
3,46,3,0
36,45,2,0
4,20,1,1
49,37,4,0
3,36,1,0
4,20,2,1
17,50,4,0
3,37,3,0
3,37,3,0
3,47,4,0
1,20,4,1
56,20,3,1
3,35,1,0
15,20,2,1
4,20,1,1
42,40,3,0
4,20,2,1
44,26,3,0
48,47,1,0
3,40,4,0
3,26,1,1
4,21,2,1
3,44,3,0
3,44,4,0
26,20,3,1
46,40,3,0
1,20,4,1
56,20,2,1
4,22,3,1
3,26,4,1
39,20,3,1
3,37,2,0
43,33,3,0
3,46,3,0
3,36,1,0
2,42,4,0
4,39,3,0
35,32,2,0
36,39,3,0
16,40,5,0
49,44,3,0
39,39,3,0
5,20,3,1
3,20,1,1
4,22,3,1
21,30,3,0
36,45,1,0
4,20,1,1
3,20,4,1
4,41,1,0
36,36,1,0
3,38,3,0
4,20,2,1
44,31,3,0
3,44,3,0
3,27,3,1
3,30,4,0
4,20,1,1
27,24,3,1
1,20,1,1
3,35,1,0
3,46,2,0
3,47,2,0
4,22,3,1
3,41,4,0
4,23,1,1
4,20,4,1
3,38,4,0
3,38,1,0
3,38,3,0
3,45,3,0
3,20,4,1
0,26,2,1
3,47,3,0
3,44,2,0
3,41,3,0
3,37,2,0
39,20,3,1
3,31,1,0
3,42,1,0
17,33,4,0
3,44,1,0
3,39,2,0
55,47,4,0
48,43,3,0
3,40,4,0
3,38,2,0
4,20,4,1
3,32,1,0
10,20,3,1
4,20,4,1
44,29,1,0
4,20,2,1
45,39,4,0
3,30,4,0
3,25,3,1
32,20,4,1
3,45,2,0
51,28,2,0
26,39,1,0
48,31,1,0
3,37,4,0
3,26,3,1
12,20,2,1
27,24,4,1
3,35,3,0
3,34,2,0
12,20,2,1
51,45,4,0
46,44,2,0
1,20,4,1
4,20,4,1
3,32,3,0
31,33,1,0
17,44,1,0
45,40,2,0
34,40,3,0
3,36,4,0
3,32,2,0
3,36,3,0
4,20,4,1
4,20,4,1
4,20,4,1
39,27,3,0
39,20,4,1
4,21,1,1
39,20,2,1
4,20,3,1
32,46,4,0
21,46,3,0
16,44,4,0
36,45,2,0
4,20,4,1
3,31,4,0
3,37,3,0
4,20,1,1
3,40,4,0
4,21,4,1
46,20,3,1
3,42,2,0
3,26,2,1
16,42,2,0
21,30,3,0
18,25,3,1
3,24,1,1
3,33,3,0
3,51,3,0
3,26,4,1
36,20,2,1
39,21,1,1
1,36,2,0
31,47,4,0
29,49,1,0
11,44,2,0
39,20,3,1
3,26,3,1
3,34,2,0
46,20,3,1
3,28,2,1
3,33,4,0
4,20,3,1
3,24,2,1
1,20,3,1
36,46,1,0
3,44,2,0
3,37,2,0
7,45,3,0
39,20,1,1
3,27,4,0
22,20,1,1
4,20,4,1
28,25,3,1
3,34,4,0
23,38,3,0
6,29,1,1
39,20,3,1
36,46,3,0
3,37,1,0
4,20,4,1
19,24,3,1
3,27,4,0
17,46,3,0
24,46,3,0
3,39,4,0
3,43,3,0
4,20,2,1
4,22,2,1
21,34,1,0
27,38,2,0
3,37,2,0
14,30,1,0
4,20,2,1
30,37,3,0
3,38,3,0
35,39,1,0
14,40,2,0
38,24,4,0
7,38,3,0
10,22,1,1
5,20,2,1
4,20,4,1
3,37,1,0
4,20,3,1
50,40,3,0
3,38,3,0
17,33,1,0
38,34,3,0
3,36,1,0
1,20,2,1
52,20,4,1
14,33,2,0
44,29,2,0
44,39,1,0
3,45,2,0
3,44,3,0
56,45,3,0
3,26,3,1
45,45,2,0
3,42,3,0
54,31,3,0
3,36,2,0
50,32,2,0
37,33,1,0
12,20,3,1
2,23,4,1
33,39,1,0
4,20,2,1
3,20,3,1
15,30,2,0
36,30,3,0
3,72,2,0
46,20,1,1
24,47,4,0
12,20,1,1
3,38,2,0
3,30,1,0
4,20,3,1
43,20,1,1
39,46,2,0
44,30,3,0
3,35,3,0
38,37,4,0
3,45,3,0
3,24,3,1
3,36,1,0
3,20,1,1
3,38,2,0
3,37,4,0
3,32,2,0
3,36,3,0
35,47,1,0
3,41,2,0
3,33,1,0
3,35,1,0
39,20,4,1
4,20,1,1
39,21,1,1
39,20,4,1
3,44,3,0
4,23,4,1
39,22,1,1
36,38,3,0
3,34,2,0
3,36,3,0
1,21,3,1
3,33,2,0
3,41,2,0
3,47,4,0
4,21,2,1
4,21,4,1
3,43,3,0
3,30,1,0
0,29,1,1
34,36,4,0
53,42,2,0
16,31,2,0
36,29,1,0
3,36,3,0
4,20,4,1
1,20,3,1
3,36,2,0
4,23,3,1
3,38,1,0
51,30,5,0
48,39,4,0
35,40,2,0
3,45,3,0
45,40,4,0
3,32,2,0
55,45,1,0
38,28,2,0
3,35,3,0
3,45,1,0
22,37,2,0
4,21,3,1
3,39,3,0
29,46,1,0
3,32,3,0
3,39,3,0
3,45,1,0
4,20,1,1
39,20,1,1
44,26,1,1
45,35,3,0
9,35,4,0
54,24,2,1
3,45,4,0
31,44,4,0
3,45,3,0
3,29,1,1
38,41,2,0
32,44,4,0
53,45,4,0
4,21,4,1
55,25,1,1
3,47,3,0
5,39,1,0
38,37,2,0
3,33,3,0
56,30,4,0
1,20,2,1
3,34,1,0
13,43,2,0
4,20,4,1
3,46,4,0
35,24,1,1
39,37,3,0
4,20,2,1
12,20,1,1
3,38,1,0
37,40,1,0
3,38,3,0
54,36,3,0
32,20,2,1
3,44,4,0
15,20,3,1
3,34,1,0
11,35,3,0
3,41,1,0
3,40,3,0
3,35,2,0
4,20,2,1
17,46,3,0
4,20,2,1
3,42,3,0
4,20,4,1
38,37,3,0
15,39,1,0
4,20,1,1
3,23,1,1
36,34,5,0
15,22,1,1
3,43,4,0
3,38,3,0
44,38,2,0
5,37,4,0
4,20,4,1
14,36,2,0
52,36,1,0
18,40,4,0
3,45,3,0
3,20,3,1
38,40,1,0
3,44,2,0
38,39,2,0
3,30,4,0
4,20,2,1
3,25,3,1
53,45,4,0
3,45,3,0
10,33,4,0
43,38,2,0
4,23,2,1
29,20,2,1
3,31,1,0
3,33,2,0
17,36,3,0
4,21,4,1
4,20,4,1
3,46,4,0
18,38,2,0
3,45,4,0
3,41,4,0
42,40,2,0
4,20,4,1
52,30,3,0
20,27,1,1
4,21,2,1
17,44,2,0
14,40,3,0
39,20,3,1
3,35,3,0
3,46,1,0
36,44,4,0
3,31,2,0
33,45,2,0
0,30,1,1
3,45,3,0
3,39,3,0
3,31,1,0
49,20,3,1
37,32,4,0
18,32,1,0
44,36,2,0
3,20,3,1
11,37,2,0
38,36,4,0
15,37,1,0
3,31,3,0
4,20,2,1
3,46,3,0
38,31,3,0
12,32,4,0
38,32,1,0
3,45,3,0
37,40,3,0
4,20,4,1
15,31,3,0
39,22,3,1
3,34,3,0
19,31,2,0
3,27,3,1
3,33,1,0
36,37,3,0
48,39,3,0
4,36,2,0
38,27,4,0
3,39,1,0
12,36,1,0
48,36,2,0
49,20,4,1
36,34,1,0
3,37,1,0
34,39,4,0
4,23,1,1
3,37,2,0
4,23,2,1
4,20,3,1
4,20,2,1
3,36,4,0
3,37,2,0
18,40,2,0
1,20,3,1
4,20,4,1
36,44,2,0
46,25,2,1
12,41,1,0
3,30,3,0
3,29,2,0
4,20,1,1
3,31,1,0
38,34,3,0
56,20,3,1
39,20,3,1
10,20,3,1
3,24,4,1
29,20,2,1
4,20,2,1
3,31,2,0
9,31,4,0
14,35,2,0
3,39,4,0
3,46,5,0
1,20,2,1
4,20,3,1
38,27,1,1
4,20,2,1
4,20,1,1
3,37,2,0
2,45,4,0
3,45,3,0
3,36,4,0
3,44,3,0
17,28,4,0
3,20,1,1
3,41,4,0
4,20,2,1
3,28,1,1
4,20,4,1
44,20,1,1
44,31,4,0
3,31,1,0
12,20,2,1
3,45,1,0
4,20,4,1
4,20,2,1
3,40,1,0
46,38,4,0
3,26,4,1
3,35,3,0
3,32,4,0
4,20,1,1
39,21,1,1
15,35,3,0
51,45,2,0
4,20,2,1
4,20,2,1
3,38,3,0
40,31,4,0
46,20,3,1
56,39,2,0
4,20,5,1
46,44,3,0
16,29,2,0
4,20,4,1
4,20,3,1
3,46,3,0
36,32,2,0
15,36,3,0
36,39,4,0
49,20,4,1
3,35,3,0
36,36,1,0
52,26,4,0
51,32,3,0
3,45,3,0
3,39,2,0
4,20,4,1
4,22,3,1
16,45,4,0
3,25,2,1
24,40,2,0
3,37,1,0
43,35,3,0
3,47,4,0
4,20,1,1
3,26,4,1
39,39,3,0
44,40,4,0
10,32,1,0
46,20,1,1
44,33,1,0
4,20,5,1
21,20,1,1
3,43,3,0
30,45,1,0
3,43,4,0
3,34,3,0
46,20,1,1
3,39,4,0
3,38,2,0
3,26,3,1
4,20,1,1
39,20,2,1
3,36,2,0
3,32,1,0
3,45,3,0
3,26,2,1
39,20,1,1
3,38,3,0
3,29,2,0
36,41,1,0
4,22,2,1
3,46,4,0
3,45,3,0
39,20,2,1
4,20,2,1
3,35,4,0
4,20,2,1
4,22,1,1
55,20,2,1
3,42,2,0
36,38,4,0
4,21,2,1
4,20,4,1
1,20,4,1
36,39,1,0
3,28,3,0
16,34,2,0
55,46,2,0
36,39,1,0
15,27,3,0
0,40,4,0
4,26,4,1
3,35,1,0
51,29,3,0
27,46,2,0
45,34,3,0
3,46,3,0
3,39,3,0
3,35,3,0
3,28,3,0
3,25,2,1
13,40,3,0
3,38,1,0
3,47,2,0
51,44,4,0
8,32,3,0
3,43,4,0
2,32,2,0
15,39,2,0
42,48,4,0
12,20,4,1
32,30,3,0
3,35,3,0
3,30,2,0
49,40,1,0
3,26,3,1
8,42,1,0
3,25,3,1
3,47,1,0
3,45,1,0
37,39,4,0
3,42,3,0
41,37,1,0
39,21,4,1
4,20,4,1
4,20,1,1
4,20,3,1
3,43,2,0
44,30,4,0
3,30,3,0
4,20,2,1
15,35,5,0
29,38,4,0
3,28,4,0
17,34,1,0
55,44,1,0
3,27,1,1
6,41,1,0
52,33,4,0
38,26,2,0
53,42,3,0
3,44,2,0
42,37,2,0
8,27,4,0
3,38,1,0
49,28,1,0
4,20,1,1
3,34,2,0
7,46,1,0
7,33,3,0
36,45,4,0
3,30,4,0
38,38,4,0
39,21,1,1
42,40,1,0
3,34,3,0
21,45,1,0
49,20,2,1
7,46,3,0
36,20,2,1
3,50,3,0
30,40,3,0
8,39,3,0
18,20,5,1
3,38,4,0
3,48,2,0
35,26,2,1
24,44,4,0
1,45,3,0
4,20,2,1
3,33,2,0
45,32,1,0
21,44,3,0
36,35,3,0
4,20,3,1
43,39,3,0
27,40,1,0
3,46,4,0
4,20,3,1
3,47,4,0
3,39,1,0
52,41,1,0
44,45,2,0
13,35,2,0
4,20,3,1
3,38,2,0
44,25,1,1
15,35,2,0
3,46,2,0
13,40,3,0
15,29,1,0
3,35,3,0
3,29,4,0
30,35,1,0
3,48,2,0
3,38,2,0
24,20,2,1
4,20,4,1
42,36,1,0
28,39,3,0
15,29,2,0
46,20,4,1
29,42,4,0
12,20,1,1
39,20,2,1
35,37,2,0
4,21,4,1
50,45,1,0
41,39,4,0
52,45,4,0
3,38,3,0
37,44,2,0
3,30,3,0
3,55,3,0
5,20,2,1
3,20,2,1
4,20,4,1
41,32,2,0
3,37,2,0
4,21,3,1
3,47,3,0
3,47,2,0
3,37,2,0
3,40,3,0
4,20,4,1
9,39,1,0
2,36,4,0
3,38,4,0
4,20,4,1
38,38,4,0
3,34,4,0
4,20,4,1
3,33,2,0
3,44,1,0
16,30,1,0
3,45,1,0
50,46,4,0
3,20,1,1
3,44,3,0
3,45,1,0
4,20,1,1
1,20,2,1
3,38,1,0
3,41,2,0
4,20,2,1
40,40,3,0
3,23,3,1
4,22,4,1
3,39,1,0
56,33,2,0
15,31,2,0
15,39,4,0
36,38,4,0
3,20,2,1
3,26,3,1
3,45,4,0
51,39,3,0
38,40,3,0
3,44,1,0
3,45,3,0
3,32,3,0
3,45,4,0
4,20,3,1
3,41,3,0
36,40,3,0
3,25,2,1
3,33,4,0
3,46,4,0
3,37,2,0
3,46,4,0
43,27,3,0
39,20,2,1
3,44,4,0
55,28,3,0
36,46,1,0
39,20,1,1
2,27,4,0
4,23,2,1
4,22,2,1
8,40,3,0
44,23,4,0
39,20,3,1
12,20,2,1
36,36,3,0
3,32,4,0
37,35,5,0
15,33,1,0
4,21,4,1
3,44,1,0
3,33,1,0
38,35,1,0
9,39,1,0
15,30,3,0
4,20,1,1
5,29,3,0
3,36,4,0
3,43,1,0
40,44,2,0
15,37,1,0
38,36,3,0
3,33,1,0
3,24,3,1
36,26,1,1
43,37,3,0
4,20,4,1
52,33,3,0
3,46,3,0
38,37,3,0
9,45,1,0
26,36,3,0
38,36,3,0
21,36,3,0
4,20,4,1
3,44,2,0
3,30,1,0
39,20,1,1
3,37,4,0
3,32,4,0
4,20,4,1
12,20,2,1
3,36,4,0
3,46,4,0
3,39,2,0
43,20,1,1
38,29,3,0
3,33,1,0
3,42,4,0
1,20,1,1
12,46,2,0
39,20,3,1
44,33,4,0
4,20,1,1
4,20,4,1
4,20,1,1
3,30,1,0
44,26,1,1
38,20,3,1
36,44,4,0
36,33,2,0
19,35,1,0
3,38,3,0
4,20,4,1
39,20,1,1
3,42,4,0
3,34,1,0
3,43,1,0
3,44,1,0
32,20,3,1
36,32,3,0
3,20,3,1
3,20,2,1
3,39,1,0
3,38,3,0
16,41,3,0
3,41,1,0
29,32,3,0
51,26,3,0
3,44,4,0
43,35,1,0
4,20,4,1
15,30,3,0
3,41,1,0
36,46,1,0
3,33,3,0
3,27,1,1
3,46,4,0
3,44,4,0
37,46,3,0
3,37,4,0
3,44,4,0
4,20,1,1
4,20,1,1
3,25,1,1
22,38,2,0
3,30,3,0
3,40,3,0
11,35,2,0
3,45,1,0
3,20,3,1
54,28,4,0
3,37,3,0
43,44,2,0
3,34,4,0
26,30,2,0
15,33,1,0
40,20,2,1
40,43,3,0
3,45,1,0
15,43,3,0
2,24,3,1
3,45,2,0
54,44,3,0
53,28,1,0
12,40,2,0
3,41,4,0
4,20,3,1
0,30,1,1
3,39,3,0
4,21,2,1
3,41,1,0
3,26,4,1
44,29,4,0
4,20,1,1
3,35,3,0
51,41,1,0
42,34,3,0
3,44,1,0
36,53,4,0
3,33,2,0
52,32,1,0
3,38,2,0
3,20,3,1
3,34,1,0
3,37,1,0
16,30,2,0
8,29,2,0
38,38,1,0
36,25,2,1
12,20,3,1
0,26,2,1
3,47,3,0
4,20,1,1
55,33,1,0
12,25,1,1
3,37,4,0
3,37,4,0
3,34,4,0
4,20,4,1
39,38,2,0
55,44,3,0
55,26,1,0
34,41,2,0
3,45,3,0
27,45,4,0
3,28,1,1
4,20,3,1
0,32,3,0
3,39,2,0
28,29,1,0
3,37,4,0
35,32,3,0
3,28,3,0
56,20,4,1
23,34,3,0
4,20,4,1
39,20,4,1
3,47,5,0
3,47,1,0
28,43,1,0
1,23,2,1
3,27,2,1
4,20,2,1
4,20,4,1
3,40,3,0
3,36,1,0
36,42,1,0
1,21,2,1
4,23,3,1
56,40,2,0
4,20,2,1
50,45,3,0
36,31,2,0
3,28,3,0
52,34,3,0
1,44,3,0
50,28,4,0
3,23,4,1
44,27,4,0
3,20,3,1
3,37,4,0
3,42,2,0
27,42,2,0
32,41,3,0
50,26,1,0
17,38,3,0
15,38,2,0
4,22,4,1
4,20,2,1
51,41,3,0
4,20,4,1
3,35,3,0
3,34,3,0
8,44,4,0
4,20,1,1
3,27,4,0
32,20,4,1
3,37,2,0
36,38,2,0
2,44,3,0
45,35,3,0
4,26,4,1
50,45,1,0
3,37,4,0
3,36,1,0
4,21,3,1
22,36,3,0
3,33,1,0
21,30,3,0
12,42,2,0
1,20,1,1
32,20,1,1
3,25,3,1
36,38,3,0
4,20,4,1
36,40,1,0
39,20,1,1
13,35,3,0
43,41,1,0
4,20,2,1
3,35,1,0
39,20,2,1
49,20,2,1
17,46,2,0
47,38,3,0
39,22,1,1
39,22,2,1
3,30,4,0
3,45,3,0
4,20,2,1
2,27,4,0
3,25,1,1
3,34,4,0
3,39,3,0
3,40,1,0
51,21,3,1
3,31,2,0
3,39,1,0
17,29,2,0
3,46,1,0
3,45,1,0
3,40,3,0
3,69,3,0
55,38,4,0
3,44,3,0
38,31,3,0
3,37,2,0
3,46,3,0
4,20,1,1
3,35,3,0
3,27,2,1
3,28,1,1
3,27,2,1
3,35,1,0
3,33,2,0
23,44,1,0
21,37,1,0
16,41,1,0
3,20,3,1
4,20,3,1
56,23,4,0
43,39,4,0
43,32,3,0
3,36,2,0
3,46,3,0
4,20,4,1
3,34,1,0
39,20,2,1
3,34,2,0
39,20,3,1
36,44,4,0
4,20,1,1
3,44,2,0
4,21,4,1
17,38,4,0
3,36,3,0
49,46,2,0
3,35,1,0
3,45,2,0
3,41,4,0
3,34,4,0
3,30,3,0
31,38,3,0
52,47,3,0
24,44,2,0
27,23,3,1
3,28,3,0
39,20,1,1
3,41,4,0
12,44,2,0
38,38,5,0
4,23,2,1
3,37,4,0
1,20,3,1
3,28,2,1
3,44,4,0
39,39,3,0
44,40,3,0
1,20,2,1
4,20,4,1
15,35,1,0
3,20,3,1
3,39,1,0
3,36,2,0
4,20,3,1
4,20,4,1
24,38,3,0
39,45,1,0
36,35,4,0
3,44,3,0
23,27,3,0
3,34,1,0
3,34,4,0
3,44,1,0
3,45,3,0
3,20,3,1
3,26,4,1
39,32,1,0
18,44,4,0
3,42,2,0
4,20,3,1
3,37,2,0
28,20,3,1
15,28,2,0
3,30,3,0
15,20,2,1
4,20,4,1
29,38,2,0
39,20,3,1
48,46,4,0
15,32,1,0
3,34,3,0
19,36,3,0
3,46,4,0
3,20,3,1
4,20,3,1
52,29,3,0
39,45,3,0
13,27,1,1
47,20,1,1
36,33,3,0
4,20,1,1
36,46,1,0
3,41,4,0
39,20,4,1
3,28,3,0
54,46,3,0
36,38,4,0
1,22,1,1
3,36,1,0
38,44,2,0
4,20,4,1
3,46,4,0
56,20,4,1
39,20,3,1
3,35,3,0
8,27,1,1
3,44,1,0
16,29,1,0
3,34,3,0
56,38,3,0
3,37,3,0
3,36,4,0
4,20,1,1
1,46,1,0
42,45,3,0
55,45,4,0
4,21,2,1
4,20,2,1
3,44,3,0
3,46,4,0
12,20,4,1
3,31,3,0
3,39,4,0
32,20,3,1
4,20,4,1
3,40,2,0
26,46,2,0
4,20,1,1
4,20,1,1
3,39,3,0
15,36,3,0
3,46,4,0
3,28,4,0
0,30,4,0
3,46,4,0
4,20,1,1
52,39,4,0
3,38,1,0
31,20,4,1
3,42,1,0
36,44,2,0
3,34,2,0
46,20,2,1
3,40,4,0
3,45,2,0
1,20,2,1
17,20,3,1
3,46,1,0
4,20,4,1
3,33,1,0
41,32,3,0
39,20,1,1
3,38,3,0
36,46,2,0
3,44,1,0
3,23,1,1
36,36,3,0
3,28,4,0
4,22,3,1
6,43,2,0
44,44,1,0
15,34,4,0
4,20,4,1
3,23,2,1
3,30,4,0
27,28,2,0
16,32,1,0
4,20,1,1
3,46,4,0
3,26,4,1
39,21,1,1
15,37,3,0
21,45,3,0
3,44,1,0
3,39,2,0
3,43,1,0
3,36,4,0
5,36,3,0
24,20,4,1
45,35,4,0
49,41,1,0
15,39,1,0
4,20,2,1
43,45,2,0
29,23,4,1
1,20,2,1
35,45,3,0
3,43,2,0
3,20,4,1
47,39,2,0
29,37,3,0
36,38,2,0
4,20,2,1
31,36,4,0
4,20,3,1
3,39,2,0
38,30,1,0
3,35,1,0
39,20,3,1
4,20,2,1
3,33,3,0
56,21,3,1
3,30,1,0
4,20,3,1
42,39,1,0
3,40,2,0
1,20,2,1
46,22,1,1
23,37,3,0
33,42,3,0
34,46,3,0
3,37,3,0
4,20,1,1
44,41,2,0
28,28,3,0
3,46,3,0
1,20,3,1
3,51,3,0
3,44,3,0
43,34,1,0
43,35,1,0
4,20,4,1
3,25,5,1
3,37,3,0
55,21,1,1
3,33,2,0
3,43,4,0
4,22,2,1
3,29,3,0
3,40,4,0
37,20,2,1
3,40,4,0
4,20,4,1
10,20,3,1
3,20,1,1
37,45,2,0
3,36,1,0
3,45,3,0
3,29,3,0
39,20,3,1
39,20,2,1
38,35,3,0
3,44,4,0
3,38,4,0
3,39,1,0
15,37,1,0
4,21,3,1
3,37,3,0
47,45,3,0
3,35,2,0
3,44,3,0
4,20,1,1
39,20,2,1
35,20,4,1
37,26,2,0
46,20,3,1
3,33,3,0
3,25,2,1
27,46,4,0
7,45,2,0
3,31,2,0
34,37,1,0
4,22,1,1
15,34,2,0
3,36,2,0
14,40,3,0
50,41,1,0
3,43,4,0
3,46,4,0
31,43,4,0
41,45,4,0
54,20,4,1
48,41,1,0
52,37,3,0
44,32,2,0
36,45,2,0
3,45,1,0
3,42,4,0
39,20,2,1
3,35,2,0
3,44,1,0
3,39,3,0
27,25,4,0
35,38,4,0
39,22,3,1
3,39,1,0
36,44,2,0
36,20,2,1
3,26,3,1
3,33,2,0
4,22,1,1
1,40,2,0
3,46,1,0
3,35,2,0
39,20,3,1
6,33,1,0
55,44,4,0
10,30,4,0
4,20,2,1
4,22,3,1
2,45,1,0
3,45,3,0
3,25,2,1
9,31,1,0
32,20,4,1
4,21,4,1
37,45,2,0
3,38,4,0
3,28,3,0
37,23,6,0
4,20,1,1
3,38,3,0
4,20,2,1
3,46,3,0
56,39,4,0
3,35,2,0
44,35,4,0
4,20,2,1
3,40,3,0
54,39,2,0
38,32,4,0
4,21,3,1
54,43,2,0
44,28,1,0
3,25,3,1
3,36,4,0
39,23,2,1
5,38,2,0
15,40,2,0
3,40,1,0
36,35,2,0
46,46,4,0
16,46,4,0
3,25,2,1
36,31,2,0
9,46,1,0
38,45,1,0
45,37,4,0
39,21,1,1
34,40,4,0
3,28,3,0
28,39,4,0
11,38,1,0
35,45,2,0
3,31,1,0
3,35,4,0
1,20,3,1
26,39,3,0
39,30,4,0
4,20,1,1
52,40,2,0
4,20,2,1
31,36,4,0
43,31,5,0
1,20,1,1
39,21,3,1
55,20,3,1
3,40,1,0
3,29,1,1
3,39,3,0
3,33,4,0
4,20,4,1
31,44,4,0
15,25,2,1
4,20,1,1
4,20,2,1
4,20,1,1
3,46,3,0
3,25,3,1
4,22,1,1
3,20,4,1
40,45,3,0
3,20,1,1
39,20,3,1
50,28,1,0
15,27,3,0
26,36,3,0
3,36,3,0
4,20,4,1
36,20,1,1
30,37,2,0
3,36,1,0
3,39,3,0
3,28,3,0
4,20,3,1
38,41,3,0
36,39,3,0
4,20,4,1
3,41,1,0
3,40,4,0
3,32,3,0
29,39,1,0
5,43,1,0
36,24,2,1
26,45,2,0
15,45,2,0
55,27,3,0
3,29,1,1
3,38,2,0
3,32,2,0
3,44,4,0
3,36,4,0
6,37,1,0
20,29,4,0
3,31,4,0
0,36,1,0
3,36,2,0
14,43,3,0
3,37,1,0
30,42,1,0
3,20,3,1
2,46,5,0
4,20,3,1
9,36,1,0
4,22,1,1
30,45,1,0
1,20,3,1
32,20,3,1
15,44,4,0
29,45,3,0
3,36,4,0
17,45,3,0
3,40,2,0
20,37,1,0
39,20,2,1
3,32,4,0
3,23,4,1
4,22,3,1
50,45,2,0
16,25,2,1
39,20,4,1
4,20,1,1
3,44,2,0
4,20,2,1
3,33,1,0
15,34,3,0
3,38,1,0
39,25,2,1
4,20,3,1
3,34,4,0
3,43,2,0
6,40,3,0
3,34,3,0
39,20,4,1
4,20,1,1
3,39,2,0
4,20,1,1
21,36,2,0
3,46,1,0
32,20,1,1
3,69,1,0
3,46,2,0
3,27,3,1
20,46,2,0
3,44,4,0
49,34,2,0
22,47,4,0
4,20,2,1
34,47,2,0
38,39,1,0
3,44,4,0
3,33,4,0
3,43,1,0
3,36,4,0
39,25,1,1
3,41,3,0
4,20,1,1
39,46,4,0
3,27,1,1
53,41,1,0
6,41,3,0
44,27,4,0
39,21,3,1
1,44,1,0
15,35,4,0
3,41,3,0
40,36,1,0
6,46,4,0
1,20,3,1
3,45,3,0
3,35,2,0
38,34,1,0
4,20,2,1
36,36,1,0
29,44,3,0
52,40,3,0
3,34,4,0
4,20,1,1
36,45,3,0
36,37,3,0
3,45,2,0
36,45,3,0
3,43,1,0
19,30,3,0
3,32,4,0
3,39,1,0
3,36,3,0
13,44,2,0
3,20,2,1
3,35,1,0
14,40,2,0
17,36,1,0
3,51,4,0
44,24,5,0
36,26,4,0
4,20,3,1
3,26,3,1
4,20,1,1
24,28,3,0
47,36,3,0
47,44,4,0
3,41,1,0
3,39,3,0
40,20,4,1
4,21,4,1
39,20,3,1
4,20,3,1
49,20,3,1
3,41,3,0
3,45,1,0
3,38,1,0
38,28,4,0
15,27,3,0
3,46,4,0
56,20,3,1
4,20,3,1
4,22,4,1
15,39,1,0
3,20,2,1
26,39,2,0
4,21,2,1
36,20,1,1
4,20,3,1
4,21,3,1
17,35,1,0
44,44,2,0
36,45,3,0
38,36,4,0
1,20,3,1
30,20,4,1
3,35,2,0
3,26,3,1
3,39,4,0
36,37,2,0
7,49,2,0
52,23,4,0
4,20,3,1
12,20,1,1
4,20,1,1
26,39,3,0
3,27,4,0
3,37,4,0
40,47,3,0
3,42,4,0
15,35,1,0
3,34,1,0
39,20,3,1
3,36,1,0
32,20,3,1
4,21,3,1
5,38,4,0
3,33,1,0
38,32,2,0
4,21,2,1
38,33,2,0
3,39,1,0
39,20,3,1
53,46,4,0
4,21,1,1
44,30,4,0
36,28,2,0
3,36,4,0
51,35,3,0
3,33,3,0
4,20,5,1
30,46,1,0
28,47,3,0
4,20,4,1
24,20,3,1
4,20,1,1
42,45,2,0
3,45,1,0
3,42,4,0
3,38,1,0
0,27,4,0
3,45,1,0
3,25,1,1
3,46,4,0
3,20,2,1
3,20,1,1
36,44,4,0
44,29,1,0
36,46,4,0
54,34,4,0
34,34,1,0
44,40,1,0
3,40,1,0
43,29,3,0
4,20,2,1
3,46,1,0
4,20,2,1
3,46,1,0
21,20,1,1
1,22,2,1
4,20,1,1
3,38,3,0
3,31,3,0
3,47,4,0
4,22,4,1
36,42,4,0
36,41,2,0
3,45,4,0
36,45,3,0
17,36,3,0
36,43,3,0
3,34,2,0
56,36,2,0
43,28,3,0
4,31,3,0
1,20,2,1
3,43,4,0
47,37,4,0
3,25,1,1
4,22,2,1
3,25,3,1
56,20,3,1
4,20,3,1
2,24,4,1
3,34,2,0
39,20,2,1
36,33,2,0
39,45,3,0
7,45,4,0
3,39,4,0
44,29,2,0
3,45,2,0
3,35,2,0
39,20,1,1
3,39,2,0
3,32,2,0
39,20,1,1
3,48,1,0
33,45,2,0
52,45,1,0
3,37,4,0
36,31,1,0
3,50,1,0
18,20,1,1
33,34,2,0
3,41,4,0
3,42,3,0
44,28,2,0
50,41,4,0
3,39,3,0
3,46,2,0
52,45,3,0
3,41,1,0
4,23,1,1
1,22,2,1
1,20,3,1
3,35,2,0
3,42,1,0
40,33,3,0
34,25,5,0
1,35,1,0
32,46,4,0
47,34,1,0
3,38,3,0
44,47,3,0
3,24,2,1
39,20,4,1
4,22,1,1
38,33,4,0
3,41,2,0
6,47,4,0
4,20,1,1
16,39,2,0
15,47,3,0
43,38,2,0
36,29,4,0
3,28,2,1
16,27,4,0
33,36,3,0
52,26,3,0
3,38,4,0
3,44,1,0
7,46,1,0
31,45,2,0
29,20,3,1
4,20,3,1
17,37,3,0
44,29,4,0
31,44,3,0
4,20,1,1
3,38,3,0
4,21,1,1
2,31,1,0
19,39,3,0
43,34,1,0
38,41,1,0
4,20,2,1
36,40,4,0
1,20,3,1
39,20,3,1
1,20,2,1
15,44,4,0
4,20,1,1
42,43,3,0
3,40,1,0
15,46,3,0
3,38,3,0
3,42,4,0
4,44,2,0
3,37,3,0
3,49,4,0
2,46,1,0
4,20,2,1
3,27,4,0
3,45,2,0
32,33,3,0
4,20,3,1
4,20,2,1
10,40,1,0
11,40,1,0
39,20,1,1
3,49,3,0
13,35,2,0
44,26,4,0
10,20,1,1
37,45,3,0
44,33,4,0
3,46,4,0
7,39,3,0
43,34,3,0
36,29,3,0
3,35,1,0
1,20,1,1
43,33,3,0
3,32,2,0
38,29,4,0
36,43,3,0
46,20,2,1
3,36,3,0
48,41,3,0
4,21,2,1
51,37,3,0
39,20,2,1
15,35,3,0
3,46,1,0
3,20,2,1
22,37,2,0
4,20,3,1
3,20,4,1
41,38,1,0
44,30,2,0
15,20,2,1
3,44,3,0
12,20,2,1
4,21,3,1
3,26,3,1
3,38,4,0
24,31,3,0
3,38,3,0
33,41,2,0
3,45,3,0
17,40,1,0
3,41,4,0
30,43,2,0
54,44,2,0
46,35,1,0
3,24,1,1
44,28,4,0
39,20,3,1
39,22,1,1
3,26,2,1
17,32,1,0
3,39,1,0
3,30,3,0
3,38,3,0
51,28,2,0
3,44,1,0
3,46,4,0
6,37,4,0
26,41,2,0
36,41,3,0
39,20,2,1
17,35,1,0
3,26,4,1
15,32,4,0
3,38,3,0
3,28,3,0
3,25,2,1
4,20,1,1
29,45,4,0
22,30,1,0
36,38,4,0
41,46,4,0
3,33,1,0
18,41,2,0
3,31,2,0
3,46,3,0
24,28,4,0
26,20,4,1
26,33,3,0
15,37,4,0
0,30,3,0
3,33,4,0
44,24,3,1
4,20,1,1
4,20,2,1
3,37,1,0
3,45,3,0
16,30,2,0
51,44,4,0
1,20,2,1
3,27,5,0
3,45,3,0
3,37,1,0
36,41,2,0
3,40,4,0
3,58,6,0
15,35,3,0
3,36,3,0
3,36,3,0
43,38,3,0
3,20,4,1
3,31,3,0
54,31,4,0
3,44,2,0
4,20,3,1
20,25,3,1
4,20,3,1
24,42,3,0
8,44,1,0
10,20,3,1
23,44,3,0
3,47,4,0
5,31,2,0
1,20,2,1
38,31,1,0
3,45,1,0
39,21,2,1
15,38,1,0
6,30,4,0
3,40,1,0
20,46,3,0
4,20,2,1
4,20,2,1
4,22,4,1
3,45,1,0
43,38,4,0
31,39,4,0
15,44,4,0
54,40,4,0
3,45,1,0
15,38,4,0
44,25,2,1
9,41,2,0
3,39,3,0
3,45,4,0
3,27,3,1
1,20,4,1
15,44,4,0
3,45,4,0
39,22,3,1
3,35,3,0
3,32,2,0
3,53,2,0
4,20,2,1
3,45,2,0
4,20,3,1
33,44,1,0
4,20,4,1
3,28,4,0
13,45,4,0
3,40,4,0
27,33,1,0
3,45,3,0
3,27,3,1
3,31,3,0
6,46,1,0
4,20,1,1
25,28,2,0
4,20,2,1
3,30,3,0
36,43,1,0
39,20,1,1
29,41,1,0
3,32,4,0
4,20,1,1
21,45,2,0
39,20,3,1
4,20,4,1
3,41,3,0
19,32,1,0
3,38,2,0
4,20,4,1
3,37,2,0
36,40,1,0
3,35,2,0
5,20,2,1
4,20,1,1
1,20,3,1
3,35,2,0
3,46,4,0
26,46,2,0
48,43,3,0
1,20,3,1
20,38,3,0
4,20,5,1
19,20,1,1
3,25,1,1
3,27,3,1
4,20,4,1
4,20,2,1
38,38,2,0
54,30,3,0
50,45,2,0
39,20,3,1
3,45,4,0
32,20,1,1
3,27,3,1
44,24,4,0
17,36,3,0
3,23,3,1
44,40,4,0
3,43,2,0
15,29,4,0
33,47,4,0
4,20,4,1
3,36,3,0
3,32,4,0
3,44,4,0
4,20,3,1
39,33,2,0
3,28,3,0
43,20,4,1
3,45,1,0
36,35,3,0
18,36,3,0
1,20,1,1
46,20,1,1
3,30,1,0
4,20,3,1
3,36,2,0
42,43,2,0
3,50,3,0
3,48,4,0
3,42,2,0
39,22,1,1
4,30,2,0
0,25,1,1
5,20,1,1
3,25,4,1
4,20,1,1
29,37,2,0
3,26,2,1
9,27,1,1
3,35,4,0
3,41,2,0
3,33,4,0
2,20,4,1
3,37,4,0
3,20,4,1
51,39,4,0
3,44,1,0
19,40,1,0
3,48,3,0
3,47,3,0
33,20,2,1
3,30,3,0
24,44,4,0
43,31,4,0
3,36,4,0
15,36,3,0
3,34,1,0
5,20,3,1
15,31,1,0
3,34,1,0
6,39,4,0
52,37,3,0
56,20,3,1
27,45,1,0
5,20,4,1
4,20,3,1
38,35,4,0
4,22,2,1
3,27,2,1
3,40,4,0
36,45,4,0
42,31,2,0
4,20,3,1
3,39,2,0
26,20,1,1
5,27,1,1
45,43,1,0
32,36,2,0
4,20,3,1
4,20,4,1
3,45,3,0
3,46,1,0
28,44,2,0
39,22,4,1
3,71,1,0
3,33,4,0
39,20,3,1
27,41,3,0
6,20,3,1
3,28,3,0
39,22,1,1
3,34,1,0
39,20,1,1
2,40,2,0
42,20,4,1
3,37,4,0
17,40,2,0
3,45,4,0
3,40,3,0
46,31,3,0
3,39,4,0
36,35,6,0
3,44,2,0
36,38,3,0
45,44,1,0
38,32,4,0
39,20,4,1
4,36,2,0
46,20,3,1
3,37,3,0
3,44,2,0
4,21,4,1
3,31,3,0
39,20,3,1
3,35,1,0
26,20,2,1
15,36,1,0
15,36,4,0
26,40,1,0
15,33,3,0
39,20,1,1
3,42,3,0
3,46,3,0
3,46,2,0
24,20,4,1
3,40,1,0
36,45,1,0
3,37,3,0
3,20,1,1
3,39,1,0
3,36,2,0
4,20,4,1
3,41,1,0
44,20,1,1
3,45,4,0
3,37,4,0
27,30,4,0
43,36,3,0
34,33,3,0
3,45,1,0
3,46,1,0
36,33,1,0
3,42,3,0
3,35,1,0
3,28,2,1
3,38,1,0
4,20,4,1
4,20,3,1
4,20,4,1
3,20,1,1
15,45,3,0
3,38,1,0
3,34,3,0
3,30,1,0
3,27,2,1
36,45,4,0
4,20,1,1
3,31,4,0
52,36,3,0
3,40,1,0
3,25,3,1
4,20,3,1
4,20,4,1
3,46,3,0
3,33,1,0
4,20,4,1
38,37,1,0
39,21,2,1
4,20,3,1
3,39,1,0
46,20,2,1
3,28,3,0
3,30,3,0
3,40,1,0
25,44,4,0
3,38,2,0
11,27,3,0
4,20,3,1
3,37,3,0
39,20,2,1
1,20,1,1
4,20,1,1
3,35,4,0
1,20,4,1
3,42,2,0
3,42,3,0
29,46,5,0
26,43,3,0
3,33,4,0
43,20,4,1
3,36,4,0
3,44,4,0
23,20,2,1
1,20,1,1
39,20,3,1
18,25,3,1
4,20,4,1
3,43,2,0
3,31,4,0
4,23,4,1
37,54,4,0
7,44,1,0
23,44,2,0
4,25,3,1
3,45,1,0
15,34,2,0
4,20,2,1
30,23,3,1
3,23,2,1
4,20,4,1
38,41,1,0
4,20,1,1
44,34,3,0
3,28,1,1
4,20,4,1
4,20,1,1
3,45,3,0
3,20,2,1
3,40,4,0
29,41,4,0
7,38,4,0
3,33,1,0
30,26,3,0
3,38,2,0
4,22,2,1
21,35,3,0
24,45,3,0
34,45,3,0
56,25,4,0
39,23,1,1
12,20,4,1
47,37,2,0
3,44,4,0
4,20,4,1
3,30,2,0
1,45,4,0
20,39,1,0
3,43,4,0
39,20,1,1
49,20,1,1
16,27,4,0
3,33,4,0
29,47,1,0
4,20,2,1
8,38,4,0
42,39,3,0
3,33,4,0
39,20,1,1
38,39,1,0
8,32,1,0
3,27,4,0
43,38,1,0
3,32,3,0
4,20,2,1
3,37,3,0
34,47,3,0
4,20,2,1
36,39,2,0
3,40,1,0
1,27,1,1
3,30,3,0
3,41,2,0
48,20,3,1
4,20,3,1
3,39,2,0
3,38,1,0
51,24,1,1
39,20,3,1
56,20,1,1
42,32,4,0
39,20,3,1
3,45,3,0
4,20,1,1
3,43,4,0
3,41,4,0
3,36,1,0
3,46,1,0
10,37,1,0
36,44,3,0
14,38,4,0
27,28,3,0
38,39,3,0
3,46,3,0
3,33,2,0
17,34,3,0
43,32,3,0
13,34,1,0
1,20,2,1
4,20,3,1
3,20,3,1
3,33,4,0
3,36,2,0
36,40,2,0
3,46,3,0
36,37,1,0
3,44,1,0
4,22,3,1
3,46,4,0
44,25,3,0
3,36,3,0
3,37,3,0
39,20,1,1
4,24,2,1
4,22,3,1
3,42,4,0
3,33,2,0
31,41,2,0
3,41,1,0
1,20,3,1
36,45,2,0
38,29,3,0
4,20,1,1
3,35,1,0
3,45,3,0
9,27,1,1
3,45,3,0
39,20,1,1
3,39,3,0
2,27,2,1
3,27,2,1
36,33,2,0
3,44,1,0
3,47,5,0
1,21,6,1
3,26,1,1
7,26,4,1
39,20,3,1
25,46,3,0
4,39,1,0
4,20,3,1
38,39,1,0
8,38,1,0
3,28,4,0
3,46,2,0
38,38,1,0
3,40,1,0
18,45,3,0
3,39,2,0
3,20,4,1
53,26,3,0
3,38,4,0
44,34,1,0
2,47,3,0
4,21,4,1
13,25,3,1
3,45,3,0
3,33,4,0
38,20,4,1
4,20,1,1
11,40,2,0
4,23,3,1
3,39,3,0
3,49,3,0
3,36,3,0
3,29,2,0
9,42,2,0
7,45,4,0
4,21,1,1
29,29,1,0
4,22,4,1
31,27,3,0
3,45,1,0
3,34,3,0
5,40,3,0
3,30,1,0
3,40,3,0
48,41,4,0
18,20,1,1
47,45,2,0
29,37,3,0
3,38,3,0
17,36,1,0
4,20,2,1
13,41,1,0
27,35,1,0
3,46,3,0
30,45,4,0
32,38,1,0
3,37,3,0
4,20,4,1
3,32,3,0
3,44,4,0
16,34,4,0
3,40,4,0
3,27,3,1
3,20,1,1
3,40,3,0
11,26,3,1
36,45,4,0
36,32,3,0
29,36,1,0
46,20,1,1
44,45,1,0
3,36,3,0
46,21,4,1
52,43,2,0
3,37,3,0
3,37,4,0
35,28,2,0
15,28,1,1
15,33,3,0
43,33,4,0
44,38,2,0
4,20,2,1
45,39,1,0
36,29,3,0
3,44,2,0
3,37,4,0
3,44,4,0
4,20,3,1
10,33,1,0
4,21,3,1
3,28,2,1
38,37,3,0
3,45,2,0
18,44,3,0
1,22,1,1
33,38,2,0
3,20,1,1
3,28,3,0
52,35,2,0
3,41,1,0
39,20,2,1
4,20,3,1
4,20,4,1
36,25,3,0
3,25,4,1
3,45,2,0
36,46,2,0
3,36,2,0
1,20,4,1
2,27,1,1
43,39,3,0
38,41,1,0
38,20,3,1
3,33,4,0
1,20,3,1
3,39,3,0
20,46,4,0
46,26,3,0
56,20,2,1
3,38,3,0
3,32,1,0
4,20,1,1
45,81,2,0
15,33,1,0
4,20,4,1
39,37,4,0
7,42,2,0
4,21,1,1
3,26,2,1
3,45,3,0
30,26,2,1
3,32,1,0
1,20,3,1
44,30,1,0
3,39,2,0
4,20,4,1
28,40,1,0
4,43,3,0
3,38,1,0
3,38,4,0
25,45,4,0
4,20,5,1
16,45,6,0
3,46,3,0
3,29,1,1
3,20,2,1
48,41,3,0
3,45,3,0
3,38,1,0
55,36,2,0
3,42,2,0
24,47,4,0
3,36,1,0
54,36,1,0
15,28,2,0
4,20,1,1
24,20,3,1
3,40,1,0
15,37,2,0
4,20,3,1
1,20,3,1
3,36,1,0
4,20,1,1
4,20,3,1
50,20,4,1
20,45,1,0
12,20,3,1
4,20,4,1
36,46,4,0
1,39,1,0
20,46,4,0
1,22,2,1
3,46,1,0
1,20,1,1
3,46,1,0
14,35,2,0
36,45,2,0
22,34,3,0
15,32,2,0
3,37,2,0
4,20,2,1
4,20,3,1
4,20,3,1
39,21,1,1
4,20,1,1
3,37,5,0
3,45,3,0
9,46,4,0
4,20,3,1
3,39,1,0
20,32,2,0
10,35,3,0
3,48,4,0
20,25,1,1
3,34,3,0
4,20,4,1
22,45,1,0
3,23,1,1
3,44,2,0
23,39,4,0
39,23,1,1
32,23,1,1
52,27,2,0
3,45,4,0
3,37,1,0
3,36,2,0
3,27,4,0
3,37,2,0
11,36,3,0
4,20,1,1
39,20,4,1
44,45,3,0
3,42,2,0
3,33,2,0
3,31,1,0
4,20,3,1
3,29,4,0
32,36,3,0
37,29,4,0
3,39,2,0
3,30,4,0
3,38,1,0
22,29,3,0
29,46,3,0
3,44,2,0
32,20,3,1
3,37,4,0
32,20,1,1
4,20,3,1
36,40,1,0
3,35,3,0
38,32,1,0
3,26,1,1
4,20,3,1
15,26,2,1
4,20,5,1
3,32,2,0
3,42,4,0
3,36,2,0
38,35,3,0
39,20,4,1
40,46,1,0
43,33,4,0
3,35,1,0
4,21,3,1
22,33,1,0
1,20,3,1
46,21,1,1
39,20,4,1
1,25,2,1
4,22,3,1
4,20,2,1
2,20,4,1
4,20,3,1
3,37,3,0
3,41,4,0
1,25,4,1
4,22,2,1
3,34,1,0
3,36,1,0
3,39,1,0
4,20,3,1
3,35,4,0
0,36,3,0
3,39,4,0
4,20,4,1
3,31,3,0
3,45,1,0
17,43,4,0
38,28,4,0
36,41,2,0
42,29,4,0
3,40,3,0
56,20,3,1
14,35,1,0
44,34,1,0
32,20,4,1
46,46,1,0
3,35,1,0
3,20,1,1
38,34,3,0
33,33,3,0
3,45,2,0
3,49,4,0
4,22,1,1
3,31,2,0
2,20,4,1
2,28,1,1
3,27,3,1
3,44,3,0
4,46,2,0
23,37,3,0
4,25,2,1
1,20,1,1
56,47,1,0
3,38,3,0
39,20,3,1
3,44,1,0
3,27,3,1
4,22,2,1
3,42,1,0
36,37,3,0
3,40,3,0
3,40,4,0
48,44,3,0
3,33,1,0
3,31,3,0
9,36,2,0
36,45,3,0
3,36,2,0
4,20,2,1
38,27,3,0
3,40,2,0
3,47,4,0
3,36,1,0
3,36,3,0
3,38,3,0
3,25,3,1
3,38,3,0
3,41,4,0
3,26,3,1
3,28,2,1
3,46,4,0
4,20,3,1
3,40,1,0
19,46,3,0
3,45,3,0
4,20,2,1
43,37,1,0
4,20,1,1
3,48,4,0
34,45,2,0
4,20,2,1
3,44,1,0
40,28,1,0
15,37,4,0
15,31,1,0
20,45,3,0
3,44,4,0
13,46,1,0
19,40,1,0
37,20,4,1
31,40,4,0
3,34,4,0
4,20,3,1
56,20,4,1
50,35,3,0
2,32,1,0
4,20,1,1
39,22,3,1
1,20,1,1
12,20,2,1
3,39,2,0
39,20,3,1
44,44,1,0
3,25,3,1
48,40,3,0
17,39,4,0
40,44,1,0
3,45,3,0
0,40,2,0
3,35,3,0
38,39,4,0
3,36,3,0
3,34,4,0
3,20,1,1
23,26,2,1
55,43,3,0
36,36,4,0
36,46,3,0
4,20,3,1
25,37,3,0
39,20,2,1
3,36,1,0
16,39,1,0
3,33,2,0
10,21,1,1
4,20,1,1
4,20,1,1
27,35,1,0
3,42,4,0
3,37,1,0
3,45,3,0
3,36,3,0
4,20,1,1
13,45,2,0
41,43,3,0
3,38,3,0
3,33,1,0
14,33,4,0
3,43,4,0
18,45,3,0
36,46,3,0
3,45,1,0
3,46,3,0
36,33,1,0
3,34,2,0
39,20,2,1
3,45,4,0
4,20,4,1
38,31,1,0
3,38,2,0
3,32,1,0
14,37,2,0
3,31,3,0
3,42,3,0
3,39,2,0
22,44,3,0
3,72,3,0
3,33,3,0
4,20,3,1
3,43,4,0
37,46,3,0
1,20,3,1
41,35,1,0
3,20,2,1
39,22,1,1
36,36,4,0
49,20,2,1
3,34,2,0
3,30,3,0
3,44,2,0
30,36,2,0
3,39,1,0
39,20,2,1
6,45,2,0
30,46,3,0
38,46,3,0
3,36,4,0
44,28,4,0
3,41,2,0
3,20,2,1
38,37,3,0
35,20,3,1
36,34,4,0
39,20,4,1
3,34,3,0
31,41,2,0
4,21,2,1
3,26,1,1
56,37,3,0
3,39,4,0
3,40,4,0
5,20,4,1
3,32,2,0
3,42,1,0
36,34,3,0
3,20,2,1
3,39,3,0
3,31,4,0
3,41,4,0
3,38,1,0
3,45,2,0
3,45,2,0
27,24,3,1
37,35,2,0
12,20,4,1
29,30,3,0
4,20,3,1
3,38,3,0
4,40,4,0
3,42,1,0
36,46,2,0
4,20,4,1
3,27,1,1
1,20,3,1
26,32,4,0
23,25,1,1
39,20,2,1
19,37,3,0
3,38,3,0
55,45,4,0
3,33,3,0
49,37,3,0
43,30,3,0
40,30,3,0
3,40,2,0
54,44,4,0
3,46,5,0
3,53,5,0
3,37,2,0
3,34,3,0
36,37,4,0
43,33,4,0
4,24,3,1
15,38,3,0
38,36,1,0
4,20,2,1
16,39,4,0
34,20,3,1
3,20,4,1
3,41,2,0
1,22,3,1
36,46,1,0
3,32,1,0
4,20,4,1
4,22,2,1
20,20,4,1
13,45,1,0
36,38,3,0
17,45,4,0
19,45,4,0
11,37,3,0
28,32,4,0
3,34,1,0
44,32,3,0
3,27,3,1
3,41,3,0
29,42,2,0
3,44,3,0
17,44,4,0
10,30,3,0
3,36,3,0
3,38,4,0
3,44,3,0
17,38,4,0
9,25,1,1
24,20,1,1
3,28,1,1
3,33,3,0
3,38,2,0
17,44,4,0
36,44,4,0
3,37,3,0
4,20,3,1
51,45,4,0
4,22,2,1
1,20,1,1
4,20,1,1
3,28,1,1
36,36,4,0
4,20,1,1
19,45,3,0
4,21,4,1
3,40,1,0
4,22,4,1
3,38,2,0
3,45,1,0
3,29,2,0
3,20,1,1
3,33,1,0
3,30,1,0
3,45,4,0
3,53,2,0
3,48,4,0
3,36,3,0
0,44,1,0
4,20,1,1
4,22,4,1
39,49,4,0
39,20,1,1
19,46,1,0
3,25,2,1
3,38,3,0
4,20,3,1
3,46,3,0
3,28,2,1
3,29,4,0
4,20,1,1
32,20,4,1
3,48,2,0
38,36,2,0
17,41,1,0
10,32,3,0
3,42,1,0
40,22,3,1
1,44,3,0
31,45,1,0
4,21,4,1
3,45,2,0
1,20,3,1
3,41,1,0
3,23,4,1
52,29,3,0
2,27,2,1
3,35,2,0
48,38,2,0
51,24,3,0
32,20,1,1
36,35,2,0
37,44,4,0
4,20,4,1
3,45,3,0
55,20,3,1
15,33,1,0
2,27,3,1
3,36,4,0
3,37,4,0
43,20,1,1
3,41,2,0
3,38,1,0
3,39,3,0
3,24,3,1
51,29,2,0
4,20,1,1
4,20,3,1
3,45,4,0
5,20,1,1
23,20,4,1
36,31,2,0
36,47,1,0
12,45,2,0
9,35,1,0
3,35,3,0
38,34,3,0
44,25,3,0
3,44,3,0
39,20,3,1
51,37,2,0
3,37,3,0
3,37,3,0
4,20,1,1
4,20,2,1
38,39,2,0
4,20,4,1
16,38,2,0
43,45,4,0
3,35,1,0
18,38,3,0
39,20,3,1
11,33,3,0
3,48,4,0
55,40,1,0
21,38,3,0
3,20,1,1
3,31,3,0
4,20,4,1
25,45,2,0
3,37,3,0
28,34,1,0
3,36,2,0
18,42,1,0
3,27,3,1
3,44,1,0
40,45,1,0
3,25,3,1
3,37,4,0
1,20,2,1
3,40,3,0
12,28,4,0
54,25,1,1
4,20,2,1
3,45,1,0
36,45,1,0
43,38,3,0
38,31,2,0
3,36,3,0
4,20,1,1
15,34,1,0
9,28,4,0
46,21,1,1
12,39,1,0
3,39,4,0
3,42,2,0
3,27,4,0
52,25,2,0
39,21,3,1
4,23,1,1
3,46,4,0
36,27,2,0
38,37,1,0
3,31,4,0
24,35,3,0
3,40,1,0
46,20,1,1
22,40,3,0
35,35,4,0
2,34,1,0
3,23,3,1
32,20,2,1
42,37,1,0
36,40,3,0
4,20,1,1
39,20,3,1
32,28,1,0
39,20,1,1
3,45,4,0
22,40,4,0
3,33,2,0
3,33,3,0
15,38,4,0
3,20,3,1
4,20,4,1
15,34,3,0
39,20,2,1
3,45,1,0
37,45,3,0
3,33,3,0
32,20,1,1
3,44,3,0
12,37,4,0
3,39,1,0
3,44,4,0
3,31,2,0
3,41,2,0
3,41,4,0
39,28,3,0
11,41,2,0
3,46,4,0
31,37,1,0
12,20,2,1
4,21,4,1
40,38,4,0
44,28,3,0
3,35,3,0
35,20,3,1
4,20,2,1
23,40,1,0
4,20,3,1
3,31,1,0
4,20,4,1
3,32,3,0
1,20,3,1
3,30,1,0
42,36,3,0
3,24,2,1
4,20,3,1
4,20,2,1
3,43,5,0
4,20,1,1
3,25,3,1
3,43,3,0
31,40,4,0
29,41,1,0
4,20,4,1
56,20,4,1
31,39,1,0
3,43,3,0
15,31,3,0
3,34,3,0
15,33,3,0
36,46,3,0
3,47,4,0
3,36,4,0
3,30,1,0
3,45,4,0
38,34,1,0
1,20,4,1
30,38,3,0
5,34,4,0
4,21,1,1
22,44,2,0
3,32,2,0
3,34,1,0
21,46,1,0
3,39,1,0
39,20,2,1
39,20,4,1
1,20,1,1
4,20,4,1
3,44,3,0
3,44,1,0
3,45,3,0
1,22,2,1
4,20,1,1
3,31,4,0
0,34,2,0
3,42,4,0
39,20,3,1
43,29,3,0
3,40,3,0
3,26,4,1
3,25,2,1
53,41,2,0
20,43,2,0
32,25,1,1
12,20,1,1
36,29,2,0
22,41,4,0
3,36,1,0
4,20,1,1
3,45,3,0
3,32,3,0
4,20,5,1
4,20,1,1
3,32,1,0
39,20,2,1
43,33,3,0
4,20,2,1
3,26,4,1
39,20,4,1
32,42,4,0
3,34,1,0
1,20,3,1
36,45,4,0
3,44,3,0
3,39,5,0
3,42,1,0
3,40,4,0
38,36,4,0
3,44,4,0
35,44,3,0
3,43,3,0
4,22,1,1
3,32,1,0
2,23,2,1
3,33,1,0
22,34,2,0
39,20,3,1
4,22,1,1
34,34,1,0
3,46,3,0
15,34,3,0
4,20,3,1
3,37,3,0
44,25,3,0
3,37,3,0
2,33,1,0
3,20,2,1
25,44,1,0
39,20,3,1
3,41,4,0
15,20,3,1
1,20,1,1
3,45,2,0
30,45,1,0
7,26,1,1
31,32,2,0
6,25,4,1
3,29,1,1
39,20,2,1
36,36,1,0
3,33,2,0
4,20,3,1
45,43,4,0
12,20,1,1
3,44,3,0
39,20,3,1
39,20,3,1
39,20,5,1
43,30,1,0
4,20,2,1
4,20,4,1
3,45,1,0
3,39,4,0
32,20,3,1
36,32,3,0
3,35,4,0
1,20,2,1
3,36,1,0
3,33,4,0
11,38,3,0
3,24,4,1
3,27,1,1
3,35,3,0
4,21,4,1
12,20,1,1
36,32,1,0
3,79,3,0
3,45,4,0
3,40,3,0
3,45,2,0
3,36,4,0
4,20,1,1
3,45,3,0
33,28,4,0
17,33,1,0
3,40,3,0
3,41,4,0
17,46,3,0
3,36,4,0
3,44,1,0
20,48,4,0
3,28,2,1
3,40,1,0
39,20,1,1
55,74,3,0
43,40,1,0
3,43,3,0
39,20,3,1
14,36,3,0
52,39,3,0
3,46,1,0
3,40,5,0
3,40,3,0
37,45,2,0
22,45,2,0
4,20,5,1
3,44,5,0
39,20,1,1
53,29,4,0
3,38,1,0
4,20,1,1
43,32,2,0
38,35,4,0
4,21,2,1
3,35,4,0
3,35,4,0
3,20,3,1
9,30,3,0
3,33,2,0
23,35,1,0
39,20,2,1
29,40,1,0
30,36,2,0
4,20,4,1
3,40,3,0
3,41,1,0
38,32,2,0
3,38,3,0
39,26,2,0
3,45,1,0
24,45,3,0
3,45,3,0
3,45,2,0
49,20,4,1
3,34,2,0
3,28,2,1
3,38,1,0
55,44,4,0
22,37,3,0
3,27,4,0
4,45,3,0
3,28,1,1
3,45,3,0
44,24,3,1
3,32,4,0
4,20,2,1
15,35,3,0
43,38,4,0
3,33,2,0
52,37,3,0
3,33,1,0
1,20,2,1
15,27,2,1
3,45,4,0
52,20,2,1
56,20,4,1
36,45,2,0
3,38,3,0
12,20,3,1
4,21,3,1
4,20,3,1
4,20,2,1
30,20,3,1
3,29,3,0
4,21,1,1
38,34,3,0
5,20,2,1
3,44,3,0
3,34,4,0
4,20,3,1
3,37,4,0
3,33,2,0
3,20,3,1
22,36,1,0
42,34,2,0
44,26,1,1
3,25,3,1
3,44,2,0
39,22,2,1
3,20,3,1
38,37,4,0
3,20,1,1
1,20,3,1
3,37,2,0
39,20,2,1
26,46,4,0
43,32,4,0
3,47,2,0
3,41,3,0
3,47,3,0
17,46,4,0
5,29,1,1
3,31,3,0
3,37,2,0
4,22,4,1
4,22,1,1
30,25,3,1
52,24,2,1
3,26,4,1
3,27,3,1
3,39,3,0
4,20,1,1
44,26,4,0
15,36,3,0
3,36,1,0
50,46,4,0
52,32,1,0
39,20,4,1
47,46,3,0
3,20,4,1
3,38,4,0
17,35,2,0
3,25,2,1
44,27,3,0
3,46,3,0
36,26,1,1
38,30,1,0
3,36,2,0
4,21,3,1
46,20,4,1
4,22,2,1
38,20,3,1
3,38,1,0
39,22,1,1
32,20,3,1
4,21,3,1
39,20,1,1
0,39,2,0
3,26,1,1
56,30,4,0
15,24,1,1
56,37,2,0
3,44,3,0
3,37,3,0
3,45,4,0
3,26,1,1
3,28,3,0
13,20,3,1
39,20,4,1
44,25,2,1
53,31,3,0
3,32,3,0
4,20,4,1
3,37,4,0
35,47,2,0
36,36,2,0
4,20,3,1
3,39,1,0
43,44,1,0
38,38,3,0
2,39,2,0
34,20,1,1
3,20,1,1
52,37,3,0
56,20,2,1
3,45,2,0
3,26,4,1
3,27,3,1
22,37,5,0
28,45,1,0
55,45,1,0
4,20,2,1
12,20,4,1
3,20,1,1
4,22,3,1
48,37,2,0
3,37,4,0
3,38,4,0
3,40,2,0
3,20,4,1
26,20,1,1
3,20,2,1
3,36,3,0
48,41,1,0
8,31,3,0
4,20,4,1
11,37,3,0
20,45,2,0
3,24,3,1
3,29,3,0
53,20,3,1
3,45,4,0
3,30,5,0
3,38,1,0
3,45,3,0
45,41,4,0
3,40,1,0
38,37,4,0
20,39,4,0
45,23,4,0
37,44,2,0
3,36,3,0
4,20,1,1
3,32,1,0
4,21,1,1
4,20,2,1
46,34,3,0
3,43,2,0
4,21,3,1
3,44,1,0
1,22,1,1
36,46,3,0
28,26,3,0
36,36,3,0
39,20,3,1
3,36,3,0
3,36,4,0
44,28,3,0
3,42,4,0
6,39,3,0
25,37,2,0
12,21,4,1
4,22,4,1
2,40,4,0
3,45,3,0
49,31,4,0
36,46,4,0
3,33,1,0
33,44,1,0
4,20,2,1
3,46,1,0
28,29,1,0
4,20,3,1
47,37,1,0
4,20,1,1
3,32,2,0
38,44,3,0
3,37,1,0
38,34,4,0
3,44,2,0
38,20,4,1
3,36,1,0
4,21,1,1
3,45,3,0
31,38,1,0
3,38,1,0
3,36,3,0
38,46,3,0
4,22,1,1
15,27,4,0
4,46,3,0
36,44,2,0
3,35,2,0
4,20,2,1
54,33,2,0
3,38,4,0
12,20,4,1
47,42,1,0
1,20,3,1
38,37,1,0
54,35,1,0
36,37,3,0
54,38,1,0
3,36,3,0
3,35,4,0
37,22,3,1
32,20,3,1
3,37,1,0
43,37,3,0
3,31,1,0
44,40,3,0
4,20,2,1
39,20,3,1
4,20,2,1
3,34,1,0
49,46,3,0
3,38,4,0
3,28,3,0
3,33,1,0
3,37,2,0
3,29,3,0
43,48,3,0
24,42,4,0
3,20,3,1
29,42,3,0
4,20,3,1
14,44,3,0
3,36,3,0
39,21,1,1
7,28,3,0
3,45,5,0
33,48,1,0
19,40,1,0
17,36,2,0
11,45,2,0
3,38,4,0
4,20,2,1
39,20,3,1
1,20,1,1
38,27,1,1
0,49,3,0
3,41,3,0
43,28,3,0
3,41,4,0
3,33,4,0
3,39,1,0
36,39,2,0
3,30,2,0
37,45,3,0
38,27,3,0
42,45,2,0
54,45,3,0
39,23,3,1
4,20,2,1
44,27,3,0
39,20,4,1
3,39,2,0
25,33,3,0
36,40,3,0
4,20,3,1
25,26,3,0
3,30,1,0
3,20,4,1
4,20,1,1
4,20,2,1
24,20,3,1
41,30,1,0
4,20,3,1
3,46,3,0
3,45,2,0
13,32,3,0
3,46,2,0
15,40,3,0
4,20,2,1
44,27,3,0
10,42,3,0
3,40,2,0
3,45,2,0
3,27,4,0
3,20,1,1
28,41,3,0
3,26,3,1
4,20,3,1
4,20,1,1
38,37,1,0
3,41,3,0
3,40,1,0
4,20,2,1
43,26,3,0
4,20,4,1
44,40,3,0
3,32,1,0
1,21,2,1
46,20,2,1
3,38,4,0
4,20,2,1
3,45,4,0
39,20,2,1
3,35,3,0
4,20,1,1
3,43,3,0
3,39,4,0
4,20,1,1
35,43,2,0
3,29,4,0
4,21,2,1
15,30,3,0
3,34,1,0
48,39,4,0
1,20,2,1
3,37,3,0
3,45,4,0
36,37,4,0
4,20,3,1
4,20,2,1
44,32,2,0
36,25,4,0
43,36,3,0
3,32,2,0
3,44,4,0
4,20,1,1
3,32,4,0
15,31,1,0
3,20,4,1
3,46,1,0
20,24,3,1
1,38,4,0
3,43,1,0
1,20,2,1
3,47,4,0
3,22,3,1
4,20,2,1
3,33,3,0
3,36,4,0
4,23,3,1
3,38,1,0
3,37,1,0
4,20,3,1
50,37,3,0
47,36,1,0
55,42,1,0
4,20,1,1
43,32,3,0
43,39,4,0
13,39,1,0
3,44,1,0
36,45,2,0
44,45,4,0
3,36,2,0
39,20,3,1
4,20,1,1
4,20,1,1
3,45,3,0
36,45,1,0
39,20,2,1
3,38,1,0
43,34,1,0
3,28,3,0
31,20,4,1
15,20,1,1
4,20,3,1
17,34,1,0
12,20,4,1
33,42,4,0
3,40,2,0
4,20,2,1
41,26,2,0
53,45,2,0
38,36,3,0
20,44,3,0
47,39,4,0
1,20,3,1
3,35,1,0
5,20,2,1
36,41,1,0
36,44,3,0
