TYPE_OF_SHOT,DISTANCE_OF_SHOT,POWER_OF_SHOT
3,45,1
3,40,2
3,36,3
2,40,3
3,42,1
7,27,1
34,46,4
4,20,4
3,20,2
36,27,1
39,20,2
49,20,2
28,45,2
3,40,1
4,22,1
49,43,3
3,46,4
54,35,4
17,46,1
3,39,1
11,32,1
3,38,2
4,20,3
17,34,3
22,26,3
1,20,1
4,20,2
3,31,3
7,38,3
17,34,1
3,34,3
3,44,1
36,24,3
8,40,5
3,38,3
3,36,3
31,46,2
4,20,3
3,23,2
43,36,1
17,37,3
14,36,1
45,27,2
32,20,2
4,20,5
4,20,3
52,40,2
3,29,4
3,46,1
3,20,3
15,20,2
28,42,3
6,43,4
39,20,5
4,22,1
3,39,2
17,39,3
15,27,4
3,45,3
34,44,4
39,20,1
3,24,2
4,20,3
3,37,2
19,55,3
38,38,3
3,37,2
25,30,3
4,20,1
51,36,4
3,24,4
6,20,1
3,39,1
3,45,2
3,32,3
3,20,4
19,42,1
3,39,3
39,20,3
0,36,4
3,35,3
3,20,3
1,20,3
4,20,1
44,39,1
36,32,3
22,34,2
52,42,3
36,24,1
36,40,3
39,20,3
19,35,1
4,47,3
46,20,3
4,20,3
7,45,4
3,35,1
6,44,3
4,20,3
3,37,3
3,44,3
9,32,4
3,33,2
17,46,2
52,26,1
3,33,2
3,36,3
4,20,3
52,37,2
42,76,1
8,33,3
3,41,2
3,36,1
3,44,4
43,38,3
29,34,3
1,20,1
3,44,4
3,34,3
3,37,4
3,45,1
4,38,4
3,24,1
13,43,1
42,36,3
3,39,4
50,44,1
52,35,1
3,27,3
37,39,1
3,34,2
3,48,4
22,41,4
4,20,4
44,47,1
0,35,1
3,38,2
31,35,3
39,21,1
36,41,1
4,20,3
41,34,3
32,20,3
36,38,3
52,37,4
44,27,3
3,25,3
32,20,2
15,20,1
3,43,2
30,35,1
3,37,1
8,37,2
20,37,2
3,47,4
56,44,1
44,32,4
0,45,4
4,20,1
15,28,3
6,34,3
3,44,2
3,44,4
3,44,4
3,40,4
3,46,3
3,45,3
3,32,3
39,20,3
38,38,4
53,36,1
3,32,2
3,38,1
3,43,3
29,41,4
38,33,2
3,47,4
3,37,4
24,39,2
8,36,1
3,24,3
38,30,4
13,27,1
3,36,1
49,32,2
36,37,3
3,26,4
39,20,3
3,39,4
4,20,3
31,20,3
3,32,3
3,20,3
4,20,2
3,37,2
4,20,4
3,34,2
3,31,4
3,35,2
0,25,2
1,20,2
1,20,4
3,27,4
3,36,1
3,27,4
3,32,1
11,39,1
3,37,4
22,45,1
36,42,1
4,20,3
52,26,1
3,45,3
2,20,2
7,20,6
3,40,1
3,33,3
4,20,1
4,20,3
39,20,3
8,44,4
3,39,1
39,20,2
1,20,1
3,38,3
27,31,4
18,25,3
3,27,3
4,20,3
42,45,3
8,24,2
3,36,4
3,40,4
3,45,1
30,37,1
3,34,2
42,34,3
3,20,3
36,35,1
3,33,4
40,30,1
38,36,1
3,32,3
3,46,1
12,38,2
1,45,1
0,31,3
3,34,2
3,36,3
56,25,2
41,36,1
3,40,3
4,20,4
3,46,4
44,40,1
39,21,2
49,47,4
3,45,1
22,20,3
3,44,2
4,20,3
3,27,3
12,44,2
3,30,3
4,20,3
4,20,1
3,20,4
3,42,2
7,32,4
3,40,1
4,20,1
3,23,4
38,34,3
1,38,3
4,20,3
1,20,4
3,29,4
3,48,2
5,46,2
34,45,3
15,46,4
3,34,4
3,46,2
4,20,4
4,20,3
3,36,2
3,24,1
39,22,3
3,50,4
28,37,1
3,48,2
20,30,4
3,27,3
3,46,4
9,44,3
3,39,3
39,46,3
53,40,2
3,31,3
3,43,3
3,31,4
3,33,2
30,28,2
48,42,3
3,39,4
36,36,2
3,23,1
33,46,1
44,39,3
0,44,4
3,41,4
3,35,2
12,20,4
28,44,2
4,20,1
3,38,1
44,25,1
3,40,1
3,37,3
27,44,1
43,33,4
3,39,3
3,36,3
0,42,3
12,20,4
3,46,1
3,30,3
3,30,1
5,20,1
48,20,2
3,45,3
28,32,1
36,38,1
3,39,3
3,45,1
3,38,3
4,20,3
3,36,1
44,26,2
3,34,3
49,20,3
3,30,1
36,40,1
44,31,4
3,20,3
3,39,1
3,40,3
4,20,2
7,27,3
3,36,3
1,20,2
3,35,3
3,37,4
3,28,3
3,45,4
41,45,3
3,26,1
4,20,4
29,24,2
40,38,4
44,20,1
3,30,2
3,33,3
15,46,2
43,34,1
3,23,1
3,38,2
4,20,3
11,42,2
4,20,3
3,40,3
36,49,1
1,20,3
3,39,1
29,45,4
3,23,2
38,34,3
3,30,4
3,39,1
55,38,2
51,46,2
27,45,2
3,44,2
4,22,2
36,43,3
4,20,4
1,20,1
3,46,4
4,21,3
32,41,1
3,39,5
36,41,4
3,47,4
10,26,1
3,38,2
3,39,3
39,20,4
23,41,1
3,46,4
3,44,3
17,38,4
3,40,1
17,35,2
3,42,1
4,20,1
4,40,3
4,20,2
46,20,4
38,32,2
3,35,3
36,25,3
3,44,4
3,24,2
3,42,3
13,35,3
15,38,4
34,38,1
39,20,3
49,39,1
39,20,1
15,35,3
3,40,3
17,38,3
3,32,3
1,20,3
17,39,1
33,27,3
4,21,4
36,44,1
3,30,3
3,45,1
3,28,2
3,36,1
3,45,1
3,26,1
18,36,1
26,35,4
33,23,4
19,34,2
17,26,4
3,45,4
3,38,2
1,20,2
3,37,1
3,34,1
3,37,4
32,40,3
3,35,4
1,45,2
45,45,4
4,20,4
3,32,2
28,20,1
3,38,4
3,36,4
3,44,3
36,41,3
35,26,1
10,45,2
4,20,4
15,35,4
37,34,1
3,27,4
22,20,2
52,29,3
33,20,2
3,40,4
4,20,4
4,20,1
12,20,3
3,37,4
4,20,4
32,20,3
3,30,1
39,20,4
3,39,4
3,20,2
50,34,1
3,28,2
3,30,4
3,38,4
3,42,1
5,20,4
12,20,4
3,45,4
3,40,1
19,37,3
29,45,3
16,30,1
4,37,2
4,20,3
35,33,3
3,32,1
48,35,3
15,32,1
12,20,2
3,26,2
25,40,3
26,29,3
35,33,4
37,47,2
3,44,2
40,36,3
4,20,3
38,38,3
3,37,1
38,40,3
3,39,3
36,44,4
3,40,1
3,39,1
4,21,3
3,26,1
3,37,1
39,33,1
4,20,2
9,45,3
3,39,1
39,20,2
38,31,1
26,21,4
36,42,2
3,33,2
4,20,4
3,43,2
3,28,3
4,20,3
39,20,2
4,20,1
4,20,3
3,42,2
39,20,1
3,38,1
3,42,2
24,20,4
3,41,2
4,20,1
3,39,3
4,20,1
4,20,4
3,34,1
4,20,2
33,37,1
36,42,3
22,27,4
3,39,3
17,35,1
11,38,1
30,40,1
3,20,3
4,22,4
4,20,3
53,31,4
35,20,1
53,37,1
3,37,1
4,20,2
3,36,4
31,45,4
4,23,4
1,20,3
3,26,4
3,42,3
46,20,4
3,29,1
3,43,3
38,31,2
52,46,4
3,30,1
3,44,4
15,36,1
32,34,4
19,20,4
4,20,2
4,20,2
3,39,3
0,37,3
15,35,4
32,20,1
4,20,3
3,33,4
32,20,3
3,20,2
43,32,3
41,41,4
46,45,4
3,46,3
8,36,4
3,56,4
39,20,3
6,20,4
36,39,4
3,38,4
3,46,3
50,40,5
55,46,1
3,43,3
6,38,1
4,20,3
15,30,2
47,38,2
43,30,1
31,26,1
3,38,2
3,35,4
39,20,4
3,31,1
36,34,2
38,42,4
4,20,1
54,31,1
56,46,4
3,26,2
26,34,1
3,33,3
3,45,3
1,20,2
3,32,4
3,39,3
24,20,1
4,20,2
3,42,3
3,35,3
48,42,4
36,41,2
3,40,3
4,20,2
3,25,2
4,22,4
39,20,1
3,35,1
3,24,4
4,20,1
39,37,3
26,24,3
1,21,1
3,41,2
3,28,2
4,20,3
4,20,3
39,20,2
4,20,2
38,38,4
51,36,1
4,20,1
23,31,2
42,43,3
3,39,3
56,47,3
27,46,3
39,21,1
4,20,4
3,25,4
4,20,4
6,39,1
49,20,2
3,26,4
3,34,1
38,28,3
3,31,4
44,34,3
3,26,1
4,20,3
3,37,1
1,20,3
20,27,3
3,40,1
3,44,2
4,22,2
3,31,1
3,38,2
3,32,1
17,38,4
4,20,4
8,32,1
4,20,2
4,20,3
3,20,3
41,46,3
3,34,2
38,39,4
1,20,3
11,38,4
4,21,3
5,44,2
10,20,4
3,35,4
3,33,1
17,35,4
1,20,1
3,39,3
3,33,4
3,34,4
44,34,1
17,38,2
4,20,4
4,20,4
10,36,3
3,44,1
56,20,4
4,20,3
3,49,3
36,45,3
12,20,1
3,45,3
3,39,2
52,33,2
41,35,3
1,29,1
56,32,3
24,45,4
4,20,3
4,22,3
3,45,4
36,45,5
45,60,1
44,32,3
3,44,2
15,43,1
56,20,1
36,36,2
4,20,3
44,30,4
3,34,4
3,41,1
3,39,1
10,20,2
23,45,3
35,36,3
26,31,1
11,46,4
3,37,3
26,20,3
3,26,1
3,36,1
34,42,4
4,20,3
39,20,3
3,39,4
3,45,1
4,20,1
20,29,3
12,20,4
3,26,3
38,38,1
3,27,2
18,38,2
39,20,3
51,37,1
3,42,1
3,45,2
43,31,3
3,38,2
47,41,1
3,46,4
38,26,1
3,36,1
15,45,1
5,25,2
9,48,3
3,36,2
28,40,1
3,39,2
20,38,1
5,20,1
4,20,2
3,46,3
3,39,3
36,42,4
22,47,4
24,35,1
46,20,3
3,24,4
1,20,1
3,30,3
21,29,4
3,23,2
3,43,4
3,37,1
3,20,3
3,43,4
19,40,3
4,22,1
15,38,3
27,27,3
27,38,2
4,23,3
3,30,1
10,40,3
39,20,3
4,20,2
20,23,2
31,28,3
3,46,1
13,46,3
3,38,2
17,38,2
39,20,1
6,37,4
53,33,2
4,20,2
42,41,4
35,40,1
38,37,2
13,45,2
3,20,3
3,36,3
5,36,1
3,37,1
3,46,3
34,20,3
40,41,1
4,20,2
3,44,2
3,34,1
44,26,3
2,46,1
39,20,2
44,27,3
39,20,3
3,45,4
3,36,4
39,21,1
1,21,3
20,25,1
39,20,1
3,26,4
54,27,2
18,50,4
4,20,4
3,27,2
3,43,1
4,21,1
3,40,3
39,20,4
25,33,4
4,21,3
42,47,3
3,34,3
3,45,2
1,20,3
51,47,2
36,44,3
38,30,1
24,39,2
52,35,3
3,36,1
3,42,4
3,45,4
4,20,3
22,46,4
4,20,4
51,36,4
4,20,3
4,20,4
2,43,2
3,37,1
17,20,6
12,20,2
28,39,3
3,38,1
3,30,4
3,45,2
3,44,4
1,20,3
39,20,1
15,40,3
4,20,3
4,20,3
1,20,3
0,20,3
51,30,2
3,41,4
25,45,4
54,38,3
3,35,2
3,39,4
4,20,1
15,31,4
36,32,4
43,45,3
56,20,4
54,44,4
3,20,5
3,30,3
39,20,1
3,26,4
3,36,2
3,44,2
3,30,1
1,20,1
3,36,1
36,40,3
4,20,3
3,46,1
3,27,1
20,33,1
35,45,2
34,20,4
18,20,2
3,26,1
3,28,4
4,20,2
3,45,2
3,38,3
1,21,3
3,37,3
5,20,2
4,20,2
3,20,4
3,20,1
3,43,4
42,44,2
39,20,3
4,20,2
3,45,4
3,39,4
3,37,1
4,21,3
17,41,1
56,20,1
44,47,2
46,46,4
3,49,4
15,25,4
4,20,4
3,30,1
3,34,3
3,43,1
3,41,4
37,32,4
32,45,2
3,37,1
46,20,2
3,20,2
3,28,1
42,47,3
4,20,1
3,39,1
3,28,1
21,40,2
3,46,4
22,44,2
49,20,3
4,20,2
3,20,3
36,48,2
3,30,2
3,34,4
9,20,4
3,24,2
1,20,1
3,42,4
36,37,3
36,32,4
44,35,2
3,35,1
3,34,1
3,30,3
43,42,1
20,38,3
4,23,4
4,20,1
18,25,1
3,41,2
6,44,4
28,44,1
4,20,3
3,37,3
4,20,3
3,33,3
3,42,1
4,20,3
37,40,4
4,20,1
1,20,5
4,20,1
3,38,3
3,37,4
3,42,1
41,38,4
3,34,1
4,21,3
38,34,1
3,46,3
1,20,1
4,22,1
3,30,1
3,45,3
14,25,3
36,39,3
3,36,4
12,20,3
15,27,2
4,20,1
4,20,1
24,42,2
55,45,3
18,20,4
17,24,3
3,37,2
3,33,1
34,37,3
26,35,2
3,36,3
3,45,4
3,45,4
32,46,3
3,44,3
55,41,3
35,37,2
3,35,1
3,44,4
39,22,2
3,37,3
1,20,2
39,20,4
53,39,3
53,48,4
4,20,1
20,43,2
3,33,1
3,44,3
34,39,1
33,31,4
38,33,1
41,44,4
3,25,1
3,38,2
3,27,2
11,40,2
41,28,3
39,20,1
3,35,2
44,35,4
3,40,4
1,20,3
21,36,1
31,47,3
4,21,1
55,37,4
39,20,4
3,36,1
36,25,3
39,20,3
36,45,2
23,33,1
32,21,1
30,34,4
39,26,2
53,44,1
3,31,1
3,42,2
4,20,2
38,44,4
3,35,3
3,37,2
5,41,3
36,45,2
4,20,2
12,37,4
1,20,2
36,46,4
3,44,4
52,44,2
3,34,1
12,20,4
4,20,1
4,20,4
2,20,3
17,25,3
3,40,4
3,38,1
36,43,2
10,38,1
39,22,2
3,32,3
4,20,3
41,45,4
3,39,3
3,45,4
31,46,2
4,20,3
3,45,1
46,44,4
45,49,4
4,20,2
48,23,3
3,39,3
27,20,4
3,31,3
3,25,1
3,34,4
36,48,1
3,45,4
3,37,3
30,37,3
4,22,2
3,44,3
1,24,1
4,22,2
4,20,3
36,36,1
50,44,1
3,44,4
3,45,3
36,42,1
33,45,2
3,45,1
56,20,4
3,45,3
4,20,3
46,20,4
3,31,3
4,20,1
27,37,2
3,29,2
20,40,1
3,32,1
3,37,4
53,46,4
39,39,1
39,20,3
3,31,4
40,47,4
4,21,3
3,40,2
49,28,2
3,28,4
3,37,4
1,20,2
3,39,3
3,37,3
18,29,2
4,20,1
44,30,2
3,34,1
3,25,6
4,20,1
4,20,3
3,38,4
27,25,2
1,20,1
3,46,4
39,20,2
5,35,3
36,34,4
56,20,2
3,38,4
44,34,2
38,34,3
20,26,3
4,22,3
1,20,1
3,44,4
0,24,1
38,35,4
11,38,1
44,33,2
12,26,4
15,38,4
13,42,2
17,36,1
17,38,1
10,48,4
3,39,4
38,36,2
12,45,3
12,20,2
15,46,4
13,31,3
23,44,2
4,20,1
6,34,3
56,40,4
8,46,3
19,49,4
16,37,4
4,20,1
48,35,1
37,20,4
3,60,3
44,27,3
3,33,1
3,32,2
3,30,2
3,33,1
4,20,1
31,40,1
4,20,2
3,39,3
4,20,1
3,38,1
4,20,4
1,20,1
3,45,3
3,40,1
4,23,2
9,32,3
3,39,4
36,33,2
3,39,1
3,33,4
3,27,4
3,44,2
13,44,2
39,20,1
39,20,1
3,42,1
3,37,1
39,20,2
12,37,1
3,29,3
3,48,4
3,42,4
36,46,5
17,35,3
36,45,3
3,27,2
56,22,1
4,22,4
4,22,1
4,20,5
21,44,4
11,45,3
52,32,4
55,45,2
55,36,1
38,43,4
51,36,1
24,20,3
31,35,1
39,20,2
31,36,4
39,20,3
3,43,1
3,43,3
4,20,2
12,29,2
56,48,4
3,38,4
18,38,4
4,22,1
4,20,4
48,29,2
3,37,2
12,20,3
3,26,3
3,37,3
38,30,5
22,33,1
17,27,2
36,38,1
3,29,3
3,38,4
56,45,1
15,36,2
4,22,1
44,46,2
22,26,4
3,34,3
3,38,1
3,38,3
4,20,1
12,46,2
49,20,2
3,38,3
55,38,4
44,29,3
47,47,4
46,20,2
4,20,3
12,20,4
4,20,2
1,20,4
4,20,1
12,20,1
3,40,1
4,20,3
36,26,2
56,34,4
52,30,2
39,20,3
38,35,1
52,38,3
3,33,2
38,36,5
39,20,3
3,38,3
49,20,3
38,32,4
3,36,1
3,46,1
30,35,1
3,47,4
3,20,1
36,45,4
4,21,3
21,45,2
3,44,1
4,20,4
3,37,4
21,44,3
3,41,5
3,37,1
4,20,1
3,45,3
3,45,4
3,20,1
21,39,4
45,38,2
17,34,4
30,33,2
3,34,1
3,33,3
3,45,2
3,39,2
3,34,2
42,39,3
47,46,4
3,41,3
56,45,1
43,30,4
23,27,4
4,20,1
4,20,3
8,29,4
52,25,3
3,42,4
15,37,2
4,22,2
3,23,4
9,37,1
4,20,1
17,30,3
4,20,4
4,20,2
53,36,3
3,40,1
3,45,3
4,20,5
1,48,4
3,40,2
3,20,1
23,38,1
3,26,4
41,40,1
14,48,2
4,20,4
15,36,1
3,29,4
5,45,3
3,37,1
3,46,3
44,27,1
3,43,2
44,28,4
1,39,1
36,28,1
4,20,2
4,20,2
41,20,3
3,34,2
41,34,4
3,43,2
0,27,2
3,44,3
23,35,1
3,46,4
3,38,1
5,45,4
3,44,1
4,21,2
4,20,3
39,20,1
4,20,3
3,33,1
38,36,1
36,20,3
44,24,3
4,20,2
3,36,3
3,45,3
54,24,1
15,32,3
18,39,1
45,41,2
14,36,1
39,20,4
45,35,3
3,37,3
3,31,2
9,36,1
3,40,4
3,44,4
4,20,1
3,20,3
3,46,1
4,22,1
34,36,3
3,36,4
49,34,3
56,41,2
4,20,4
1,20,1
46,20,1
44,40,2
3,34,3
48,45,1
6,36,3
3,20,2
38,33,4
3,20,2
3,36,3
3,37,1
13,40,1
33,41,4
3,45,1
17,39,1
3,46,4
20,28,3
39,20,2
15,37,4
21,20,3
18,20,1
3,29,4
3,32,1
3,48,4
3,44,4
4,21,3
3,31,1
4,20,2
39,20,3
38,40,4
39,20,1
30,33,3
3,41,1
3,33,3
39,30,2
5,20,1
3,36,2
35,32,4
3,29,1
3,30,1
1,20,1
4,20,4
44,20,4
47,40,3
1,20,3
39,20,2
40,47,6
37,38,1
3,31,1
3,42,1
3,47,3
3,36,1
3,37,3
3,20,3
3,40,2
53,46,4
5,40,1
3,41,3
3,46,3
18,45,4
39,20,3
36,33,3
14,30,2
28,45,4
20,36,4
3,36,4
3,40,3
3,46,4
3,38,2
56,20,3
3,44,2
3,26,4
56,20,3
21,36,3
3,42,5
39,20,2
3,40,3
1,21,3
3,28,2
12,35,3
38,20,4
3,20,2
1,20,4
4,20,4
29,33,4
3,37,4
4,20,3
3,32,3
8,38,4
3,36,4
49,21,1
3,32,3
4,20,4
3,39,1
4,20,4
3,41,2
3,47,2
39,20,4
2,46,4
23,35,1
3,41,1
44,27,2
3,46,4
30,39,4
3,44,3
3,42,3
1,20,2
30,20,3
3,47,4
3,41,2
3,44,2
39,20,2
3,40,2
22,42,1
4,21,4
1,20,2
4,20,3
3,47,1
3,37,4
3,38,1
3,34,2
4,20,4
20,42,1
3,38,3
43,35,1
26,44,2
4,20,2
32,41,3
16,33,3
3,37,3
43,33,4
3,37,3
3,20,1
3,28,1
54,48,4
12,20,4
3,42,1
3,36,2
2,28,1
3,42,2
38,34,4
1,40,1
3,40,1
15,39,3
55,20,2
4,20,3
4,20,3
3,20,4
4,20,2
3,44,3
3,35,3
4,20,1
27,44,3
3,20,3
4,20,4
3,58,4
3,34,1
3,36,3
46,20,1
36,37,3
39,20,3
25,44,2
3,37,3
35,36,3
21,44,2
3,41,4
3,25,4
49,38,2
46,36,4
36,41,3
53,38,3
47,45,4
4,20,4
17,38,1
5,34,4
3,27,4
3,33,4
3,40,4
3,28,4
4,20,1
1,20,2
3,73,2
5,44,3
5,20,3
4,22,2
17,20,1
3,39,3
3,32,1
3,44,3
41,38,1
29,21,3
54,38,4
3,34,3
44,25,2
4,20,2
39,20,2
3,20,2
46,40,3
3,39,3
3,74,1
22,44,3
3,34,1
4,20,4
42,20,3
3,37,1
3,46,1
31,43,3
3,40,1
38,38,3
4,20,1
10,46,2
3,38,2
3,29,4
1,49,4
39,23,4
1,20,1
3,36,2
3,55,1
3,39,3
4,20,2
3,33,2
4,20,4
0,25,1
3,40,2
3,44,4
3,36,1
15,38,3
3,39,4
3,46,2
4,20,3
4,20,2
1,20,1
3,33,1
3,32,3
4,20,4
47,21,1
3,31,1
17,41,2
3,20,2
4,20,2
4,20,2
39,20,2
4,21,2
38,25,3
4,20,3
47,27,3
39,20,4
3,35,2
15,39,2
3,26,3
4,20,3
4,20,1
39,20,4
36,43,2
3,26,2
29,38,3
21,43,3
4,20,1
3,36,3
23,41,4
1,20,4
39,20,1
22,45,1
36,46,2
3,49,4
3,41,3
38,38,2
8,36,4
1,20,4
54,36,4
21,43,4
3,44,1
3,34,4
4,20,3
9,35,3
3,42,1
3,44,3
20,38,4
56,20,2
3,33,3
39,20,2
56,46,4
36,45,1
3,58,2
31,27,2
53,42,4
3,40,5
39,20,2
39,20,3
32,24,2
30,27,4
39,20,1
2,23,3
3,38,1
16,45,3
3,45,2
4,20,1
4,20,2
52,32,4
4,21,3
39,20,1
3,32,1
3,24,3
11,46,3
3,43,4
18,35,3
29,46,3
3,32,3
38,45,1
3,38,1
3,40,3
46,41,1
4,47,4
3,44,4
1,20,1
3,36,3
3,38,4
13,31,3
3,45,3
3,48,2
56,41,3
1,20,3
39,41,1
3,39,3
1,20,2
41,39,3
3,42,1
3,45,1
3,27,2
1,20,2
3,28,3
48,43,3
3,39,3
3,28,1
3,41,1
3,40,4
4,20,1
3,39,2
25,44,3
22,35,2
12,20,1
2,45,2
52,34,1
33,35,1
4,20,2
12,20,4
3,46,1
54,39,1
3,34,3
3,30,3
52,34,3
3,33,3
3,44,3
3,48,3
0,45,4
39,20,1
51,47,1
31,37,3
0,25,3
3,35,3
48,45,1
3,44,2
3,47,4
49,20,3
15,28,2
6,25,1
36,46,3
30,40,3
24,40,1
3,38,4
3,39,1
3,23,4
4,20,4
36,34,1
38,34,1
3,20,1
9,25,3
3,46,2
3,36,1
36,29,4
4,22,4
3,47,1
31,41,1
4,20,4
27,20,3
4,20,1
25,36,3
36,47,4
22,39,1
4,20,3
36,42,4
47,20,3
3,35,4
36,35,3
3,45,2
20,33,3
21,45,4
3,30,2
51,33,4
55,33,1
36,39,3
39,20,4
3,37,2
17,28,1
4,20,1
45,44,1
3,40,1
1,20,1
15,45,4
44,24,2
3,20,3
39,20,2
38,31,4
4,20,4
25,45,4
27,40,3
39,20,4
3,38,3
3,39,5
4,20,1
19,44,4
4,20,1
3,45,3
45,45,5
3,39,3
39,20,1
22,37,1
3,37,2
5,20,4
3,44,3
3,38,2
6,39,2
3,36,3
39,20,3
31,42,3
3,44,4
3,34,2
36,41,2
20,28,3
3,38,3
3,35,3
44,34,1
38,38,1
5,38,3
39,21,1
44,28,3
24,39,4
15,45,4
9,41,2
3,32,4
3,39,2
15,33,3
17,39,3
37,27,1
3,46,3
39,20,4
26,41,3
3,46,4
40,42,1
42,45,1
3,44,4
44,24,2
44,29,3
40,28,2
28,46,3
34,20,2
52,28,1
44,28,1
3,44,2
3,46,4
3,42,1
52,29,2
3,30,3
39,21,3
3,29,2
1,20,4
3,36,1
52,44,3
3,20,1
3,47,2
1,20,3
3,37,2
15,37,3
50,41,4
3,45,1
43,35,3
15,29,4
1,20,1
54,39,4
3,45,4
38,38,1
4,20,4
17,31,2
3,20,4
15,33,4
39,20,2
43,40,1
3,35,2
3,31,2
3,42,3
15,44,4
43,37,1
4,20,2
3,40,2
3,38,3
5,20,2
14,25,3
3,20,3
21,36,1
3,38,2
37,30,2
3,37,1
3,33,2
24,37,2
54,37,3
4,20,1
1,20,3
8,41,2
4,20,4
3,29,4
4,21,4
4,21,3
39,22,4
4,22,2
3,42,3
27,27,2
3,39,3
3,30,3
3,20,4
4,20,2
3,37,3
3,37,4
3,37,2
20,41,1
54,35,1
49,41,4
3,28,4
36,46,1
3,26,2
3,46,4
3,38,3
18,20,3
44,37,1
52,36,1
4,20,1
0,39,1
39,23,1
44,26,4
36,45,2
39,21,1
3,30,3
3,23,1
4,20,3
3,28,2
19,20,3
4,20,2
3,31,2
1,20,2
3,36,3
15,20,2
43,41,2
3,39,2
8,45,1
43,32,4
43,46,4
38,32,1
38,36,4
44,27,1
39,25,2
16,30,4
3,44,2
3,25,4
3,39,1
3,42,3
3,44,3
21,43,2
17,39,3
3,35,1
4,20,3
3,20,4
1,20,1
3,45,2
51,25,3
4,20,1
33,35,4
3,39,4
3,45,1
4,20,2
4,21,1
4,20,2
52,37,4
46,27,3
4,25,1
4,23,1
3,27,4
3,34,3
4,20,3
3,37,2
23,33,2
3,34,3
3,44,2
39,20,2
3,35,1
3,37,1
32,46,3
15,34,4
3,45,4
4,20,2
32,20,3
26,40,3
1,38,4
3,37,1
3,32,4
39,20,1
44,27,4
3,34,1
39,20,4
3,41,4
3,20,1
22,36,2
39,20,3
4,20,1
4,20,3
3,45,4
3,35,3
45,41,1
55,44,4
36,45,1
3,46,3
4,20,1
3,33,2
4,20,3
34,43,2
32,20,3
36,39,2
4,20,3
38,39,4
46,20,5
30,38,1
3,35,3
4,20,2
55,20,4
36,42,4
3,54,3
3,37,1
4,20,1
36,40,3
39,20,3
4,20,1
39,39,1
3,37,3
27,39,2
1,22,4
26,41,1
35,34,1
33,20,3
54,36,4
3,45,4
15,34,4
39,20,1
3,39,1
3,36,1
4,20,1
12,45,6
3,35,2
43,32,3
3,38,4
3,41,3
36,37,1
4,21,1
3,33,3
3,46,1
3,38,3
6,42,4
4,20,4
51,30,3
3,37,1
51,39,1
52,39,4
4,22,2
21,24,3
3,46,3
42,36,4
25,31,1
3,42,3
15,27,1
3,47,2
4,22,4
4,20,1
39,20,4
3,44,2
39,21,4
35,20,3
1,20,2
15,27,4
2,32,3
28,24,1
44,34,3
3,26,1
7,36,1
1,20,4
3,27,3
4,20,3
3,30,4
3,47,1
3,38,4
39,20,1
36,46,1
6,45,3
3,46,3
46,22,3
48,46,3
4,20,1
38,34,4
3,40,3
3,47,4
3,25,4
4,22,3
3,32,1
3,39,2
54,41,4
3,30,4
4,43,3
3,28,1
3,34,3
20,40,3
4,20,3
3,46,1
39,20,2
4,21,3
22,39,1
27,27,1
44,30,3
3,37,4
1,20,3
4,20,4
0,25,3
3,38,1
3,44,4
4,20,3
39,20,2
3,36,1
3,30,4
55,43,2
15,34,3
39,21,3
3,37,3
3,43,2
36,26,3
0,42,4
27,28,3
3,41,2
3,42,3
1,20,3
4,20,2
3,45,4
4,20,3
3,26,1
39,20,3
44,29,3
3,32,2
3,32,3
18,23,1
3,35,2
3,37,3
39,20,2
3,34,4
3,46,4
3,43,4
40,37,3
3,35,1
42,41,1
3,45,3
38,40,3
0,23,2
3,30,3
49,20,4
3,43,3
31,47,3
3,20,1
3,44,3
3,26,4
4,21,3
38,38,3
45,33,3
3,37,3
36,31,2
1,20,2
3,45,3
3,44,3
3,35,4
36,32,1
4,20,2
3,46,3
3,47,4
48,46,3
3,35,1
15,38,2
54,25,2
54,37,1
38,37,4
4,20,4
3,32,2
3,40,1
3,30,1
3,44,2
3,36,2
3,44,4
4,20,3
3,47,4
4,20,3
36,37,3
37,45,2
43,32,1
36,46,3
50,42,1
30,26,1
3,37,3
3,35,2
19,45,3
20,46,1
51,44,2
38,40,3
3,45,1
0,45,4
36,24,3
15,46,2
24,45,2
56,20,5
3,48,3
34,47,1
7,59,1
52,29,3
3,40,4
12,20,2
4,20,2
38,36,2
3,39,5
4,20,4
3,47,1
3,47,3
3,45,2
3,47,4
48,40,2
3,42,4
3,45,4
36,38,1
3,40,2
3,50,4
15,23,1
3,44,3
56,36,4
50,42,1
29,45,1
1,20,3
40,38,4
4,21,2
3,41,1
44,37,1
4,37,3
3,46,1
4,20,1
4,25,3
25,40,3
3,31,3
41,41,1
3,35,1
56,38,2
8,38,3
4,20,4
36,38,1
3,45,1
3,36,2
4,20,1
4,20,4
13,20,3
3,42,3
54,44,3
12,21,3
3,44,2
39,20,3
3,45,2
3,46,1
3,36,2
1,20,3
3,29,1
5,40,4
43,32,2
4,20,3
39,20,3
39,20,1
38,28,2
3,42,4
4,20,3
56,21,3
4,20,2
27,38,2
3,39,3
3,25,4
9,46,1
39,20,3
3,38,4
38,36,3
30,31,3
3,25,3
3,38,2
4,22,3
4,21,2
3,41,2
0,23,2
54,26,1
1,20,1
4,20,2
23,29,3
4,20,3
3,30,2
36,38,4
49,35,4
19,47,2
39,25,3
4,20,2
3,20,3
34,34,3
4,20,1
3,40,4
46,46,1
15,33,1
3,36,3
3,38,4
36,25,3
4,20,3
0,31,1
4,22,4
52,20,2
3,32,3
3,28,4
4,20,2
39,20,3
38,34,3
49,30,1
19,45,4
28,45,3
3,38,3
3,31,3
3,42,1
16,34,3
3,45,3
4,20,4
10,20,4
4,20,2
3,38,3
3,29,2
4,21,3
39,21,4
2,27,4
3,40,1
4,20,4
27,24,1
32,21,1
36,39,1
3,27,3
3,37,1
36,41,3
15,28,3
3,37,4
3,39,3
21,43,3
4,20,3
4,21,4
3,27,4
3,46,3
3,31,4
4,20,4
3,27,3
4,20,2
3,32,3
3,37,1
17,34,3
49,42,1
4,20,1
36,36,1
3,46,2
39,39,2
3,45,3
56,20,4
3,42,3
27,26,3
3,31,2
39,22,1
23,33,4
3,37,3
4,20,4
4,20,2
4,20,1
3,47,3
3,44,1
37,34,1
4,20,3
53,37,1
3,20,4
4,23,1
3,47,4
3,45,4
39,42,1
1,20,3
4,20,3
3,23,3
3,42,2
3,37,3
39,37,3
9,44,2
3,37,2
3,36,4
13,35,4
3,37,4
18,31,1
38,36,2
4,20,1
4,21,4
9,44,3
3,45,2
36,45,2
3,45,4
3,45,4
53,46,4
3,42,2
9,42,2
26,21,1
39,37,1
3,41,1
5,20,1
47,20,2
3,35,3
3,37,3
3,37,1
3,34,1
3,44,1
3,44,1
3,29,2
4,20,3
51,49,4
3,25,1
3,23,4
4,20,3
3,26,3
40,33,1
35,20,4
3,47,1
2,24,4
3,35,1
3,33,1
3,39,4
4,20,4
3,37,2
3,35,4
39,20,3
39,20,2
39,22,1
2,44,4
1,20,3
3,38,1
3,39,2
3,45,3
27,23,1
3,20,3
3,43,4
3,33,4
4,20,3
0,41,2
43,30,2
37,20,1
3,36,2
3,39,3
3,36,1
3,20,5
3,39,1
4,44,3
36,28,1
4,22,4
3,20,4
3,39,2
36,28,4
5,26,1
43,41,3
3,34,2
1,20,1
3,45,2
15,45,3
4,21,4
41,40,1
4,20,3
3,34,4
21,40,1
3,39,4
3,40,4
4,20,2
33,46,4
21,20,2
3,28,4
3,37,2
4,20,2
3,32,3
44,32,4
40,44,1
39,20,3
3,47,3
36,37,3
1,38,1
0,40,3
4,21,1
3,27,1
3,36,4
15,40,1
3,45,4
44,31,4
3,44,3
44,28,3
23,35,1
3,20,1
42,45,4
44,35,1
38,39,1
3,37,3
56,34,1
3,37,1
43,34,1
51,39,3
3,32,3
4,20,4
4,29,4
3,38,3
54,46,4
3,39,2
39,35,3
13,30,3
39,22,4
3,44,2
3,36,3
3,43,1
37,32,3
4,20,2
56,45,4
38,37,4
39,20,4
3,37,4
26,20,4
3,39,1
15,41,2
9,32,2
4,21,2
36,45,1
3,39,2
3,41,2
3,34,4
4,20,3
2,47,4
2,41,4
22,41,3
38,32,1
3,36,3
15,34,3
1,20,4
26,37,1
3,40,4
3,29,2
3,30,3
39,22,1
4,22,4
24,36,1
7,44,4
15,36,4
4,20,1
21,47,4
3,34,1
4,20,3
4,20,1
4,20,3
4,20,4
3,29,2
3,45,1
33,40,1
9,38,1
54,39,1
3,44,4
3,32,3
3,44,1
3,43,2
3,38,1
3,32,3
45,32,2
24,34,4
52,37,3
3,23,3
3,30,4
3,33,3
38,35,4
38,37,3
3,42,3
3,34,3
3,27,2
3,34,2
3,25,1
3,40,1
36,45,3
3,42,4
3,31,3
54,38,3
4,20,3
3,23,5
51,44,4
43,34,4
4,20,1
3,39,2
3,43,2
3,32,3
36,43,4
17,36,4
3,40,3
4,20,1
3,45,1
3,20,1
3,20,1
3,49,4
3,35,3
1,20,4
4,20,2
32,20,1
3,46,3
4,20,1
4,20,2
15,35,2
1,28,3
36,44,1
36,39,2
28,44,3
31,38,1
19,30,2
3,44,3
39,20,1
3,47,1
36,36,2
28,36,3
1,20,3
36,36,3
3,45,4
41,46,1
39,39,3
54,26,1
26,36,3
24,46,3
39,21,2
12,20,1
3,54,2
43,42,3
14,35,1
3,33,4
3,23,1
3,39,2
9,34,1
4,21,4
3,28,3
3,28,3
35,20,2
4,20,4
4,20,4
3,25,3
4,20,4
4,22,2
3,38,3
4,20,4
3,39,1
38,29,1
3,37,1
39,21,4
20,45,1
25,40,3
4,22,1
2,36,3
29,21,3
42,42,3
41,41,1
36,39,3
1,20,3
4,20,3
30,40,4
3,39,3
37,26,1
3,45,2
32,39,1
3,39,2
15,36,3
4,20,2
3,35,4
4,20,1
51,24,4
14,37,3
25,36,4
56,45,1
3,29,4
39,20,4
13,39,4
28,45,3
4,21,4
3,46,3
36,45,2
4,20,1
49,37,4
3,36,1
4,20,2
17,50,4
3,37,3
3,37,3
3,47,4
1,20,4
56,20,3
3,35,1
15,20,2
4,20,1
42,40,3
4,20,2
44,26,3
48,47,1
3,40,4
3,26,1
4,21,2
3,44,3
3,44,4
26,20,3
46,40,3
1,20,4
56,20,2
4,22,3
3,26,4
39,20,3
3,37,2
43,33,3
3,46,3
3,36,1
2,42,4
4,39,3
35,32,2
36,39,3
16,40,5
49,44,3
39,39,3
5,20,3
3,20,1
4,22,3
21,30,3
36,45,1
4,20,1
3,20,4
4,41,1
36,36,1
3,38,3
4,20,2
44,31,3
3,44,3
3,27,3
3,30,4
4,20,1
27,24,3
1,20,1
3,35,1
3,46,2
3,47,2
4,22,3
3,41,4
4,23,1
4,20,4
3,38,4
3,38,1
3,38,3
3,45,3
3,20,4
0,26,2
3,47,3
3,44,2
3,41,3
3,37,2
39,20,3
3,31,1
3,42,1
17,33,4
3,44,1
3,39,2
55,47,4
48,43,3
3,40,4
3,38,2
4,20,4
3,32,1
10,20,3
4,20,4
44,29,1
4,20,2
45,39,4
3,30,4
3,25,3
32,20,4
3,45,2
51,28,2
26,39,1
48,31,1
3,37,4
3,26,3
12,20,2
27,24,4
3,35,3
3,34,2
12,20,2
51,45,4
46,44,2
1,20,4
4,20,4
3,32,3
31,33,1
17,44,1
45,40,2
34,40,3
3,36,4
3,32,2
3,36,3
4,20,4
4,20,4
4,20,4
39,27,3
39,20,4
4,21,1
39,20,2
4,20,3
32,46,4
21,46,3
16,44,4
36,45,2
4,20,4
3,31,4
3,37,3
4,20,1
3,40,4
4,21,4
46,20,3
3,42,2
3,26,2
16,42,2
21,30,3
18,25,3
3,24,1
3,33,3
3,51,3
3,26,4
36,20,2
39,21,1
1,36,2
31,47,4
29,49,1
11,44,2
39,20,3
3,26,3
3,34,2
46,20,3
3,28,2
3,33,4
4,20,3
3,24,2
1,20,3
36,46,1
3,44,2
3,37,2
7,45,3
39,20,1
3,27,4
22,20,1
4,20,4
28,25,3
3,34,4
23,38,3
6,29,1
39,20,3
36,46,3
3,37,1
4,20,4
19,24,3
3,27,4
17,46,3
24,46,3
3,39,4
3,43,3
4,20,2
4,22,2
21,34,1
27,38,2
3,37,2
14,30,1
4,20,2
30,37,3
3,38,3
35,39,1
14,40,2
38,24,4
7,38,3
10,22,1
5,20,2
4,20,4
3,37,1
4,20,3
50,40,3
3,38,3
17,33,1
38,34,3
3,36,1
1,20,2
52,20,4
14,33,2
44,29,2
44,39,1
3,45,2
3,44,3
56,45,3
3,26,3
45,45,2
3,42,3
54,31,3
3,36,2
50,32,2
37,33,1
12,20,3
2,23,4
33,39,1
4,20,2
3,20,3
15,30,2
36,30,3
3,72,2
46,20,1
24,47,4
12,20,1
3,38,2
3,30,1
4,20,3
43,20,1
39,46,2
44,30,3
3,35,3
38,37,4
3,45,3
3,24,3
3,36,1
3,20,1
3,38,2
3,37,4
3,32,2
3,36,3
35,47,1
3,41,2
3,33,1
3,35,1
39,20,4
4,20,1
39,21,1
39,20,4
3,44,3
4,23,4
39,22,1
36,38,3
3,34,2
3,36,3
1,21,3
3,33,2
3,41,2
3,47,4
4,21,2
4,21,4
3,43,3
3,30,1
0,29,1
34,36,4
53,42,2
16,31,2
36,29,1
3,36,3
4,20,4
1,20,3
3,36,2
4,23,3
3,38,1
51,30,5
48,39,4
35,40,2
3,45,3
45,40,4
3,32,2
55,45,1
38,28,2
3,35,3
3,45,1
22,37,2
4,21,3
3,39,3
29,46,1
3,32,3
3,39,3
3,45,1
4,20,1
39,20,1
44,26,1
45,35,3
9,35,4
54,24,2
3,45,4
31,44,4
3,45,3
3,29,1
38,41,2
32,44,4
53,45,4
4,21,4
55,25,1
3,47,3
5,39,1
38,37,2
3,33,3
56,30,4
1,20,2
3,34,1
13,43,2
4,20,4
3,46,4
35,24,1
39,37,3
4,20,2
12,20,1
3,38,1
37,40,1
3,38,3
54,36,3
32,20,2
3,44,4
15,20,3
3,34,1
11,35,3
3,41,1
3,40,3
3,35,2
4,20,2
17,46,3
4,20,2
3,42,3
4,20,4
38,37,3
15,39,1
4,20,1
3,23,1
36,34,5
15,22,1
3,43,4
3,38,3
44,38,2
5,37,4
4,20,4
14,36,2
52,36,1
18,40,4
3,45,3
3,20,3
38,40,1
3,44,2
38,39,2
3,30,4
4,20,2
3,25,3
53,45,4
3,45,3
10,33,4
43,38,2
4,23,2
29,20,2
3,31,1
3,33,2
17,36,3
4,21,4
4,20,4
3,46,4
18,38,2
3,45,4
3,41,4
42,40,2
4,20,4
52,30,3
20,27,1
4,21,2
17,44,2
14,40,3
39,20,3
3,35,3
3,46,1
36,44,4
3,31,2
33,45,2
0,30,1
3,45,3
3,39,3
3,31,1
49,20,3
37,32,4
18,32,1
44,36,2
3,20,3
11,37,2
38,36,4
15,37,1
3,31,3
4,20,2
3,46,3
38,31,3
12,32,4
38,32,1
3,45,3
37,40,3
4,20,4
15,31,3
39,22,3
3,34,3
19,31,2
3,27,3
3,33,1
36,37,3
48,39,3
4,36,2
38,27,4
3,39,1
12,36,1
48,36,2
49,20,4
36,34,1
3,37,1
34,39,4
4,23,1
3,37,2
4,23,2
4,20,3
4,20,2
3,36,4
3,37,2
18,40,2
1,20,3
4,20,4
36,44,2
46,25,2
12,41,1
3,30,3
3,29,2
4,20,1
3,31,1
38,34,3
56,20,3
39,20,3
10,20,3
3,24,4
29,20,2
4,20,2
3,31,2
9,31,4
14,35,2
3,39,4
3,46,5
1,20,2
4,20,3
38,27,1
4,20,2
4,20,1
3,37,2
2,45,4
3,45,3
3,36,4
3,44,3
17,28,4
3,20,1
3,41,4
4,20,2
3,28,1
4,20,4
44,20,1
44,31,4
3,31,1
12,20,2
3,45,1
4,20,4
4,20,2
3,40,1
46,38,4
3,26,4
3,35,3
3,32,4
4,20,1
39,21,1
15,35,3
51,45,2
4,20,2
4,20,2
3,38,3
40,31,4
46,20,3
56,39,2
4,20,5
46,44,3
16,29,2
4,20,4
4,20,3
3,46,3
36,32,2
15,36,3
36,39,4
49,20,4
3,35,3
36,36,1
52,26,4
51,32,3
3,45,3
3,39,2
4,20,4
4,22,3
16,45,4
3,25,2
24,40,2
3,37,1
43,35,3
3,47,4
4,20,1
3,26,4
39,39,3
44,40,4
10,32,1
46,20,1
44,33,1
4,20,5
21,20,1
3,43,3
30,45,1
3,43,4
3,34,3
46,20,1
3,39,4
3,38,2
3,26,3
4,20,1
39,20,2
3,36,2
3,32,1
3,45,3
3,26,2
39,20,1
3,38,3
3,29,2
36,41,1
4,22,2
3,46,4
3,45,3
39,20,2
4,20,2
3,35,4
4,20,2
4,22,1
55,20,2
3,42,2
36,38,4
4,21,2
4,20,4
1,20,4
36,39,1
3,28,3
16,34,2
55,46,2
36,39,1
15,27,3
0,40,4
4,26,4
3,35,1
51,29,3
27,46,2
45,34,3
3,46,3
3,39,3
3,35,3
3,28,3
3,25,2
13,40,3
3,38,1
3,47,2
51,44,4
8,32,3
3,43,4
2,32,2
15,39,2
42,48,4
12,20,4
32,30,3
3,35,3
3,30,2
49,40,1
3,26,3
8,42,1
3,25,3
3,47,1
3,45,1
37,39,4
3,42,3
41,37,1
39,21,4
4,20,4
4,20,1
4,20,3
3,43,2
44,30,4
3,30,3
4,20,2
15,35,5
29,38,4
3,28,4
17,34,1
55,44,1
3,27,1
6,41,1
52,33,4
38,26,2
53,42,3
3,44,2
42,37,2
8,27,4
3,38,1
49,28,1
4,20,1
3,34,2
7,46,1
7,33,3
36,45,4
3,30,4
38,38,4
39,21,1
42,40,1
3,34,3
21,45,1
49,20,2
7,46,3
36,20,2
3,50,3
30,40,3
8,39,3
18,20,5
3,38,4
3,48,2
35,26,2
24,44,4
1,45,3
4,20,2
3,33,2
45,32,1
21,44,3
36,35,3
4,20,3
43,39,3
27,40,1
3,46,4
4,20,3
3,47,4
3,39,1
52,41,1
44,45,2
13,35,2
4,20,3
3,38,2
44,25,1
15,35,2
3,46,2
13,40,3
15,29,1
3,35,3
3,29,4
30,35,1
3,48,2
3,38,2
24,20,2
4,20,4
42,36,1
28,39,3
15,29,2
46,20,4
29,42,4
12,20,1
39,20,2
35,37,2
4,21,4
50,45,1
41,39,4
52,45,4
3,38,3
37,44,2
3,30,3
3,55,3
5,20,2
3,20,2
4,20,4
41,32,2
3,37,2
4,21,3
3,47,3
3,47,2
3,37,2
3,40,3
4,20,4
9,39,1
2,36,4
3,38,4
4,20,4
38,38,4
3,34,4
4,20,4
3,33,2
3,44,1
16,30,1
3,45,1
50,46,4
3,20,1
3,44,3
3,45,1
4,20,1
1,20,2
3,38,1
3,41,2
4,20,2
40,40,3
3,23,3
4,22,4
3,39,1
56,33,2
15,31,2
15,39,4
36,38,4
3,20,2
3,26,3
3,45,4
51,39,3
38,40,3
3,44,1
3,45,3
3,32,3
3,45,4
4,20,3
3,41,3
36,40,3
3,25,2
3,33,4
3,46,4
3,37,2
3,46,4
43,27,3
39,20,2
3,44,4
55,28,3
36,46,1
39,20,1
2,27,4
4,23,2
4,22,2
8,40,3
44,23,4
39,20,3
12,20,2
36,36,3
3,32,4
37,35,5
15,33,1
4,21,4
3,44,1
3,33,1
38,35,1
9,39,1
15,30,3
4,20,1
5,29,3
3,36,4
3,43,1
40,44,2
15,37,1
38,36,3
3,33,1
3,24,3
36,26,1
43,37,3
4,20,4
52,33,3
3,46,3
38,37,3
9,45,1
26,36,3
38,36,3
21,36,3
4,20,4
3,44,2
3,30,1
39,20,1
3,37,4
3,32,4
4,20,4
12,20,2
3,36,4
3,46,4
3,39,2
43,20,1
38,29,3
3,33,1
3,42,4
1,20,1
12,46,2
39,20,3
44,33,4
4,20,1
4,20,4
4,20,1
3,30,1
44,26,1
38,20,3
36,44,4
36,33,2
19,35,1
3,38,3
4,20,4
39,20,1
3,42,4
3,34,1
3,43,1
3,44,1
32,20,3
36,32,3
3,20,3
3,20,2
3,39,1
3,38,3
16,41,3
3,41,1
29,32,3
51,26,3
3,44,4
43,35,1
4,20,4
15,30,3
3,41,1
36,46,1
3,33,3
3,27,1
3,46,4
3,44,4
37,46,3
3,37,4
3,44,4
4,20,1
4,20,1
3,25,1
22,38,2
3,30,3
3,40,3
11,35,2
3,45,1
3,20,3
54,28,4
3,37,3
43,44,2
3,34,4
26,30,2
15,33,1
40,20,2
40,43,3
3,45,1
15,43,3
2,24,3
3,45,2
54,44,3
53,28,1
12,40,2
3,41,4
4,20,3
0,30,1
3,39,3
4,21,2
3,41,1
3,26,4
44,29,4
4,20,1
3,35,3
51,41,1
42,34,3
3,44,1
36,53,4
3,33,2
52,32,1
3,38,2
3,20,3
3,34,1
3,37,1
16,30,2
8,29,2
38,38,1
36,25,2
12,20,3
0,26,2
3,47,3
4,20,1
55,33,1
12,25,1
3,37,4
3,37,4
3,34,4
4,20,4
39,38,2
55,44,3
55,26,1
34,41,2
3,45,3
27,45,4
3,28,1
4,20,3
0,32,3
3,39,2
28,29,1
3,37,4
35,32,3
3,28,3
56,20,4
23,34,3
4,20,4
39,20,4
3,47,5
3,47,1
28,43,1
1,23,2
3,27,2
4,20,2
4,20,4
3,40,3
3,36,1
36,42,1
1,21,2
4,23,3
56,40,2
4,20,2
50,45,3
36,31,2
3,28,3
52,34,3
1,44,3
50,28,4
3,23,4
44,27,4
3,20,3
3,37,4
3,42,2
27,42,2
32,41,3
50,26,1
17,38,3
15,38,2
4,22,4
4,20,2
51,41,3
4,20,4
3,35,3
3,34,3
8,44,4
4,20,1
3,27,4
32,20,4
3,37,2
36,38,2
2,44,3
45,35,3
4,26,4
50,45,1
3,37,4
3,36,1
4,21,3
22,36,3
3,33,1
21,30,3
12,42,2
1,20,1
32,20,1
3,25,3
36,38,3
4,20,4
36,40,1
39,20,1
13,35,3
43,41,1
4,20,2
3,35,1
39,20,2
49,20,2
17,46,2
47,38,3
39,22,1
39,22,2
3,30,4
3,45,3
4,20,2
2,27,4
3,25,1
3,34,4
3,39,3
3,40,1
51,21,3
3,31,2
3,39,1
17,29,2
3,46,1
3,45,1
3,40,3
3,69,3
55,38,4
3,44,3
38,31,3
3,37,2
3,46,3
4,20,1
3,35,3
3,27,2
3,28,1
3,27,2
3,35,1
3,33,2
23,44,1
21,37,1
16,41,1
3,20,3
4,20,3
56,23,4
43,39,4
43,32,3
3,36,2
3,46,3
4,20,4
3,34,1
39,20,2
3,34,2
39,20,3
36,44,4
4,20,1
3,44,2
4,21,4
17,38,4
3,36,3
49,46,2
3,35,1
3,45,2
3,41,4
3,34,4
3,30,3
31,38,3
52,47,3
24,44,2
27,23,3
3,28,3
39,20,1
3,41,4
12,44,2
38,38,5
4,23,2
3,37,4
1,20,3
3,28,2
3,44,4
39,39,3
44,40,3
1,20,2
4,20,4
15,35,1
3,20,3
3,39,1
3,36,2
4,20,3
4,20,4
24,38,3
39,45,1
36,35,4
3,44,3
23,27,3
3,34,1
3,34,4
3,44,1
3,45,3
3,20,3
3,26,4
39,32,1
18,44,4
3,42,2
4,20,3
3,37,2
28,20,3
15,28,2
3,30,3
15,20,2
4,20,4
29,38,2
39,20,3
48,46,4
15,32,1
3,34,3
19,36,3
3,46,4
3,20,3
4,20,3
52,29,3
39,45,3
13,27,1
47,20,1
36,33,3
4,20,1
36,46,1
3,41,4
39,20,4
3,28,3
54,46,3
36,38,4
1,22,1
3,36,1
38,44,2
4,20,4
3,46,4
56,20,4
39,20,3
3,35,3
8,27,1
3,44,1
16,29,1
3,34,3
56,38,3
3,37,3
3,36,4
4,20,1
1,46,1
42,45,3
55,45,4
4,21,2
4,20,2
3,44,3
3,46,4
12,20,4
3,31,3
3,39,4
32,20,3
4,20,4
3,40,2
26,46,2
4,20,1
4,20,1
3,39,3
15,36,3
3,46,4
3,28,4
0,30,4
3,46,4
4,20,1
52,39,4
3,38,1
31,20,4
3,42,1
36,44,2
3,34,2
46,20,2
3,40,4
3,45,2
1,20,2
17,20,3
3,46,1
4,20,4
3,33,1
41,32,3
39,20,1
3,38,3
36,46,2
3,44,1
3,23,1
36,36,3
3,28,4
4,22,3
6,43,2
44,44,1
15,34,4
4,20,4
3,23,2
3,30,4
27,28,2
16,32,1
4,20,1
3,46,4
3,26,4
39,21,1
15,37,3
21,45,3
3,44,1
3,39,2
3,43,1
3,36,4
5,36,3
24,20,4
45,35,4
49,41,1
15,39,1
4,20,2
43,45,2
29,23,4
1,20,2
35,45,3
3,43,2
3,20,4
47,39,2
29,37,3
36,38,2
4,20,2
31,36,4
4,20,3
3,39,2
38,30,1
3,35,1
39,20,3
4,20,2
3,33,3
56,21,3
3,30,1
4,20,3
42,39,1
3,40,2
1,20,2
46,22,1
23,37,3
33,42,3
34,46,3
3,37,3
4,20,1
44,41,2
28,28,3
3,46,3
1,20,3
3,51,3
3,44,3
43,34,1
43,35,1
4,20,4
3,25,5
3,37,3
55,21,1
3,33,2
3,43,4
4,22,2
3,29,3
3,40,4
37,20,2
3,40,4
4,20,4
10,20,3
3,20,1
37,45,2
3,36,1
3,45,3
3,29,3
39,20,3
39,20,2
38,35,3
3,44,4
3,38,4
3,39,1
15,37,1
4,21,3
3,37,3
47,45,3
3,35,2
3,44,3
4,20,1
39,20,2
35,20,4
37,26,2
46,20,3
3,33,3
3,25,2
27,46,4
7,45,2
3,31,2
34,37,1
4,22,1
15,34,2
3,36,2
14,40,3
50,41,1
3,43,4
3,46,4
31,43,4
41,45,4
54,20,4
48,41,1
52,37,3
44,32,2
36,45,2
3,45,1
3,42,4
39,20,2
3,35,2
3,44,1
3,39,3
27,25,4
35,38,4
39,22,3
3,39,1
36,44,2
36,20,2
3,26,3
3,33,2
4,22,1
1,40,2
3,46,1
3,35,2
39,20,3
6,33,1
55,44,4
10,30,4
4,20,2
4,22,3
2,45,1
3,45,3
3,25,2
9,31,1
32,20,4
4,21,4
37,45,2
3,38,4
3,28,3
37,23,6
4,20,1
3,38,3
4,20,2
3,46,3
56,39,4
3,35,2
44,35,4
4,20,2
3,40,3
54,39,2
38,32,4
4,21,3
54,43,2
44,28,1
3,25,3
3,36,4
39,23,2
5,38,2
15,40,2
3,40,1
36,35,2
46,46,4
16,46,4
3,25,2
36,31,2
9,46,1
38,45,1
45,37,4
39,21,1
34,40,4
3,28,3
28,39,4
11,38,1
35,45,2
3,31,1
3,35,4
1,20,3
26,39,3
39,30,4
4,20,1
52,40,2
4,20,2
31,36,4
43,31,5
1,20,1
39,21,3
55,20,3
3,40,1
3,29,1
3,39,3
3,33,4
4,20,4
31,44,4
15,25,2
4,20,1
4,20,2
4,20,1
3,46,3
3,25,3
4,22,1
3,20,4
40,45,3
3,20,1
39,20,3
50,28,1
15,27,3
26,36,3
3,36,3
4,20,4
36,20,1
30,37,2
3,36,1
3,39,3
3,28,3
4,20,3
38,41,3
36,39,3
4,20,4
3,41,1
3,40,4
3,32,3
29,39,1
5,43,1
36,24,2
26,45,2
15,45,2
55,27,3
3,29,1
3,38,2
3,32,2
3,44,4
3,36,4
6,37,1
20,29,4
3,31,4
0,36,1
3,36,2
14,43,3
3,37,1
30,42,1
3,20,3
2,46,5
4,20,3
9,36,1
4,22,1
30,45,1
1,20,3
32,20,3
15,44,4
29,45,3
3,36,4
17,45,3
3,40,2
20,37,1
39,20,2
3,32,4
3,23,4
4,22,3
50,45,2
16,25,2
39,20,4
4,20,1
3,44,2
4,20,2
3,33,1
15,34,3
3,38,1
39,25,2
4,20,3
3,34,4
3,43,2
6,40,3
3,34,3
39,20,4
4,20,1
3,39,2
4,20,1
21,36,2
3,46,1
32,20,1
3,69,1
3,46,2
3,27,3
20,46,2
3,44,4
49,34,2
22,47,4
4,20,2
34,47,2
38,39,1
3,44,4
3,33,4
3,43,1
3,36,4
39,25,1
3,41,3
4,20,1
39,46,4
3,27,1
53,41,1
6,41,3
44,27,4
39,21,3
1,44,1
15,35,4
3,41,3
40,36,1
6,46,4
1,20,3
3,45,3
3,35,2
38,34,1
4,20,2
36,36,1
29,44,3
52,40,3
3,34,4
4,20,1
36,45,3
36,37,3
3,45,2
36,45,3
3,43,1
19,30,3
3,32,4
3,39,1
3,36,3
13,44,2
3,20,2
3,35,1
14,40,2
17,36,1
3,51,4
44,24,5
36,26,4
4,20,3
3,26,3
4,20,1
24,28,3
47,36,3
47,44,4
3,41,1
3,39,3
40,20,4
4,21,4
39,20,3
4,20,3
49,20,3
3,41,3
3,45,1
3,38,1
38,28,4
15,27,3
3,46,4
56,20,3
4,20,3
4,22,4
15,39,1
3,20,2
26,39,2
4,21,2
36,20,1
4,20,3
4,21,3
17,35,1
44,44,2
36,45,3
38,36,4
1,20,3
30,20,4
3,35,2
3,26,3
3,39,4
36,37,2
7,49,2
52,23,4
4,20,3
12,20,1
4,20,1
26,39,3
3,27,4
3,37,4
40,47,3
3,42,4
15,35,1
3,34,1
39,20,3
3,36,1
32,20,3
4,21,3
5,38,4
3,33,1
38,32,2
4,21,2
38,33,2
3,39,1
39,20,3
53,46,4
4,21,1
44,30,4
36,28,2
3,36,4
51,35,3
3,33,3
4,20,5
30,46,1
28,47,3
4,20,4
24,20,3
4,20,1
42,45,2
3,45,1
3,42,4
3,38,1
0,27,4
3,45,1
3,25,1
3,46,4
3,20,2
3,20,1
36,44,4
44,29,1
36,46,4
54,34,4
34,34,1
44,40,1
3,40,1
43,29,3
4,20,2
3,46,1
4,20,2
3,46,1
21,20,1
1,22,2
4,20,1
3,38,3
3,31,3
3,47,4
4,22,4
36,42,4
36,41,2
3,45,4
36,45,3
17,36,3
36,43,3
3,34,2
56,36,2
43,28,3
4,31,3
1,20,2
3,43,4
47,37,4
3,25,1
4,22,2
3,25,3
56,20,3
4,20,3
2,24,4
3,34,2
39,20,2
36,33,2
39,45,3
7,45,4
3,39,4
44,29,2
3,45,2
3,35,2
39,20,1
3,39,2
3,32,2
39,20,1
3,48,1
33,45,2
52,45,1
3,37,4
36,31,1
3,50,1
18,20,1
33,34,2
3,41,4
3,42,3
44,28,2
50,41,4
3,39,3
3,46,2
52,45,3
3,41,1
4,23,1
1,22,2
1,20,3
3,35,2
3,42,1
40,33,3
34,25,5
1,35,1
32,46,4
47,34,1
3,38,3
44,47,3
3,24,2
39,20,4
4,22,1
38,33,4
3,41,2
6,47,4
4,20,1
16,39,2
15,47,3
43,38,2
36,29,4
3,28,2
16,27,4
33,36,3
52,26,3
3,38,4
3,44,1
7,46,1
31,45,2
29,20,3
4,20,3
17,37,3
44,29,4
31,44,3
4,20,1
3,38,3
4,21,1
2,31,1
19,39,3
43,34,1
38,41,1
4,20,2
36,40,4
1,20,3
39,20,3
1,20,2
15,44,4
4,20,1
42,43,3
3,40,1
15,46,3
3,38,3
3,42,4
4,44,2
3,37,3
3,49,4
2,46,1
4,20,2
3,27,4
3,45,2
32,33,3
4,20,3
4,20,2
10,40,1
11,40,1
39,20,1
3,49,3
13,35,2
44,26,4
10,20,1
37,45,3
44,33,4
3,46,4
7,39,3
43,34,3
36,29,3
3,35,1
1,20,1
43,33,3
3,32,2
38,29,4
36,43,3
46,20,2
3,36,3
48,41,3
4,21,2
51,37,3
39,20,2
15,35,3
3,46,1
3,20,2
22,37,2
4,20,3
3,20,4
41,38,1
44,30,2
15,20,2
3,44,3
12,20,2
4,21,3
3,26,3
3,38,4
24,31,3
3,38,3
33,41,2
3,45,3
17,40,1
3,41,4
30,43,2
54,44,2
46,35,1
3,24,1
44,28,4
39,20,3
39,22,1
3,26,2
17,32,1
3,39,1
3,30,3
3,38,3
51,28,2
3,44,1
3,46,4
6,37,4
26,41,2
36,41,3
39,20,2
17,35,1
3,26,4
15,32,4
3,38,3
3,28,3
3,25,2
4,20,1
29,45,4
22,30,1
36,38,4
41,46,4
3,33,1
18,41,2
3,31,2
3,46,3
24,28,4
26,20,4
26,33,3
15,37,4
0,30,3
3,33,4
44,24,3
4,20,1
4,20,2
3,37,1
3,45,3
16,30,2
51,44,4
1,20,2
3,27,5
3,45,3
3,37,1
36,41,2
3,40,4
3,58,6
15,35,3
3,36,3
3,36,3
43,38,3
3,20,4
3,31,3
54,31,4
3,44,2
4,20,3
20,25,3
4,20,3
24,42,3
8,44,1
10,20,3
23,44,3
3,47,4
5,31,2
1,20,2
38,31,1
3,45,1
39,21,2
15,38,1
6,30,4
3,40,1
20,46,3
4,20,2
4,20,2
4,22,4
3,45,1
43,38,4
31,39,4
15,44,4
54,40,4
3,45,1
15,38,4
44,25,2
9,41,2
3,39,3
3,45,4
3,27,3
1,20,4
15,44,4
3,45,4
39,22,3
3,35,3
3,32,2
3,53,2
4,20,2
3,45,2
4,20,3
33,44,1
4,20,4
3,28,4
13,45,4
3,40,4
27,33,1
3,45,3
3,27,3
3,31,3
6,46,1
4,20,1
25,28,2
4,20,2
3,30,3
36,43,1
39,20,1
29,41,1
3,32,4
4,20,1
21,45,2
39,20,3
4,20,4
3,41,3
19,32,1
3,38,2
4,20,4
3,37,2
36,40,1
3,35,2
5,20,2
4,20,1
1,20,3
3,35,2
3,46,4
26,46,2
48,43,3
1,20,3
20,38,3
4,20,5
19,20,1
3,25,1
3,27,3
4,20,4
4,20,2
38,38,2
54,30,3
50,45,2
39,20,3
3,45,4
32,20,1
3,27,3
44,24,4
17,36,3
3,23,3
44,40,4
3,43,2
15,29,4
33,47,4
4,20,4
3,36,3
3,32,4
3,44,4
4,20,3
39,33,2
3,28,3
43,20,4
3,45,1
36,35,3
18,36,3
1,20,1
46,20,1
3,30,1
4,20,3
3,36,2
42,43,2
3,50,3
3,48,4
3,42,2
39,22,1
4,30,2
0,25,1
5,20,1
3,25,4
4,20,1
29,37,2
3,26,2
9,27,1
3,35,4
3,41,2
3,33,4
2,20,4
3,37,4
3,20,4
51,39,4
3,44,1
19,40,1
3,48,3
3,47,3
33,20,2
3,30,3
24,44,4
43,31,4
3,36,4
15,36,3
3,34,1
5,20,3
15,31,1
3,34,1
6,39,4
52,37,3
56,20,3
27,45,1
5,20,4
4,20,3
38,35,4
4,22,2
3,27,2
3,40,4
36,45,4
42,31,2
4,20,3
3,39,2
26,20,1
5,27,1
45,43,1
32,36,2
4,20,3
4,20,4
3,45,3
3,46,1
28,44,2
39,22,4
3,71,1
3,33,4
39,20,3
27,41,3
6,20,3
3,28,3
39,22,1
3,34,1
39,20,1
2,40,2
42,20,4
3,37,4
17,40,2
3,45,4
3,40,3
46,31,3
3,39,4
36,35,6
3,44,2
36,38,3
45,44,1
38,32,4
39,20,4
4,36,2
46,20,3
3,37,3
3,44,2
4,21,4
3,31,3
39,20,3
3,35,1
26,20,2
15,36,1
15,36,4
26,40,1
15,33,3
39,20,1
3,42,3
3,46,3
3,46,2
24,20,4
3,40,1
36,45,1
3,37,3
3,20,1
3,39,1
3,36,2
4,20,4
3,41,1
44,20,1
3,45,4
3,37,4
27,30,4
43,36,3
34,33,3
3,45,1
3,46,1
36,33,1
3,42,3
3,35,1
3,28,2
3,38,1
4,20,4
4,20,3
4,20,4
3,20,1
15,45,3
3,38,1
3,34,3
3,30,1
3,27,2
36,45,4
4,20,1
3,31,4
52,36,3
3,40,1
3,25,3
4,20,3
4,20,4
3,46,3
3,33,1
4,20,4
38,37,1
39,21,2
4,20,3
3,39,1
46,20,2
3,28,3
3,30,3
3,40,1
25,44,4
3,38,2
11,27,3
4,20,3
3,37,3
39,20,2
1,20,1
4,20,1
3,35,4
1,20,4
3,42,2
3,42,3
29,46,5
26,43,3
3,33,4
43,20,4
3,36,4
3,44,4
23,20,2
1,20,1
39,20,3
18,25,3
4,20,4
3,43,2
3,31,4
4,23,4
37,54,4
7,44,1
23,44,2
4,25,3
3,45,1
15,34,2
4,20,2
30,23,3
3,23,2
4,20,4
38,41,1
4,20,1
44,34,3
3,28,1
4,20,4
4,20,1
3,45,3
3,20,2
3,40,4
29,41,4
7,38,4
3,33,1
30,26,3
3,38,2
4,22,2
21,35,3
24,45,3
34,45,3
56,25,4
39,23,1
12,20,4
47,37,2
3,44,4
4,20,4
3,30,2
1,45,4
20,39,1
3,43,4
39,20,1
49,20,1
16,27,4
3,33,4
29,47,1
4,20,2
8,38,4
42,39,3
3,33,4
39,20,1
38,39,1
8,32,1
3,27,4
43,38,1
3,32,3
4,20,2
3,37,3
34,47,3
4,20,2
36,39,2
3,40,1
1,27,1
3,30,3
3,41,2
48,20,3
4,20,3
3,39,2
3,38,1
51,24,1
39,20,3
56,20,1
42,32,4
39,20,3
3,45,3
4,20,1
3,43,4
3,41,4
3,36,1
3,46,1
10,37,1
36,44,3
14,38,4
27,28,3
38,39,3
3,46,3
3,33,2
17,34,3
43,32,3
13,34,1
1,20,2
4,20,3
3,20,3
3,33,4
3,36,2
36,40,2
3,46,3
36,37,1
3,44,1
4,22,3
3,46,4
44,25,3
3,36,3
3,37,3
39,20,1
4,24,2
4,22,3
3,42,4
3,33,2
31,41,2
3,41,1
1,20,3
36,45,2
38,29,3
4,20,1
3,35,1
3,45,3
9,27,1
3,45,3
39,20,1
3,39,3
2,27,2
3,27,2
36,33,2
3,44,1
3,47,5
1,21,6
3,26,1
7,26,4
39,20,3
25,46,3
4,39,1
4,20,3
38,39,1
8,38,1
3,28,4
3,46,2
38,38,1
3,40,1
18,45,3
3,39,2
3,20,4
53,26,3
3,38,4
44,34,1
2,47,3
4,21,4
13,25,3
3,45,3
3,33,4
38,20,4
4,20,1
11,40,2
4,23,3
3,39,3
3,49,3
3,36,3
3,29,2
9,42,2
7,45,4
4,21,1
29,29,1
4,22,4
31,27,3
3,45,1
3,34,3
5,40,3
3,30,1
3,40,3
48,41,4
18,20,1
47,45,2
29,37,3
3,38,3
17,36,1
4,20,2
13,41,1
27,35,1
3,46,3
30,45,4
32,38,1
3,37,3
4,20,4
3,32,3
3,44,4
16,34,4
3,40,4
3,27,3
3,20,1
3,40,3
11,26,3
36,45,4
36,32,3
29,36,1
46,20,1
44,45,1
3,36,3
46,21,4
52,43,2
3,37,3
3,37,4
35,28,2
15,28,1
15,33,3
43,33,4
44,38,2
4,20,2
45,39,1
36,29,3
3,44,2
3,37,4
3,44,4
4,20,3
10,33,1
4,21,3
3,28,2
38,37,3
3,45,2
18,44,3
1,22,1
33,38,2
3,20,1
3,28,3
52,35,2
3,41,1
39,20,2
4,20,3
4,20,4
36,25,3
3,25,4
3,45,2
36,46,2
3,36,2
1,20,4
2,27,1
43,39,3
38,41,1
38,20,3
3,33,4
1,20,3
3,39,3
20,46,4
46,26,3
56,20,2
3,38,3
3,32,1
4,20,1
45,81,2
15,33,1
4,20,4
39,37,4
7,42,2
4,21,1
3,26,2
3,45,3
30,26,2
3,32,1
1,20,3
44,30,1
3,39,2
4,20,4
28,40,1
4,43,3
3,38,1
3,38,4
25,45,4
4,20,5
16,45,6
3,46,3
3,29,1
3,20,2
48,41,3
3,45,3
3,38,1
55,36,2
3,42,2
24,47,4
3,36,1
54,36,1
15,28,2
4,20,1
24,20,3
3,40,1
15,37,2
4,20,3
1,20,3
3,36,1
4,20,1
4,20,3
50,20,4
20,45,1
12,20,3
4,20,4
36,46,4
1,39,1
20,46,4
1,22,2
3,46,1
1,20,1
3,46,1
14,35,2
36,45,2
22,34,3
15,32,2
3,37,2
4,20,2
4,20,3
4,20,3
39,21,1
4,20,1
3,37,5
3,45,3
9,46,4
4,20,3
3,39,1
20,32,2
10,35,3
3,48,4
20,25,1
3,34,3
4,20,4
22,45,1
3,23,1
3,44,2
23,39,4
39,23,1
32,23,1
52,27,2
3,45,4
3,37,1
3,36,2
3,27,4
3,37,2
11,36,3
4,20,1
39,20,4
44,45,3
3,42,2
3,33,2
3,31,1
4,20,3
3,29,4
32,36,3
37,29,4
3,39,2
3,30,4
3,38,1
22,29,3
29,46,3
3,44,2
32,20,3
3,37,4
32,20,1
4,20,3
36,40,1
3,35,3
38,32,1
3,26,1
4,20,3
15,26,2
4,20,5
3,32,2
3,42,4
3,36,2
38,35,3
39,20,4
40,46,1
43,33,4
3,35,1
4,21,3
22,33,1
1,20,3
46,21,1
39,20,4
1,25,2
4,22,3
4,20,2
2,20,4
4,20,3
3,37,3
3,41,4
1,25,4
4,22,2
3,34,1
3,36,1
3,39,1
4,20,3
3,35,4
0,36,3
3,39,4
4,20,4
3,31,3
3,45,1
17,43,4
38,28,4
36,41,2
42,29,4
3,40,3
56,20,3
14,35,1
44,34,1
32,20,4
46,46,1
3,35,1
3,20,1
38,34,3
33,33,3
3,45,2
3,49,4
4,22,1
3,31,2
2,20,4
2,28,1
3,27,3
3,44,3
4,46,2
23,37,3
4,25,2
1,20,1
56,47,1
3,38,3
39,20,3
3,44,1
3,27,3
4,22,2
3,42,1
36,37,3
3,40,3
3,40,4
48,44,3
3,33,1
3,31,3
9,36,2
36,45,3
3,36,2
4,20,2
38,27,3
3,40,2
3,47,4
3,36,1
3,36,3
3,38,3
3,25,3
3,38,3
3,41,4
3,26,3
3,28,2
3,46,4
4,20,3
3,40,1
19,46,3
3,45,3
4,20,2
43,37,1
4,20,1
3,48,4
34,45,2
4,20,2
3,44,1
40,28,1
15,37,4
15,31,1
20,45,3
3,44,4
13,46,1
19,40,1
37,20,4
31,40,4
3,34,4
4,20,3
56,20,4
50,35,3
2,32,1
4,20,1
39,22,3
1,20,1
12,20,2
3,39,2
39,20,3
44,44,1
3,25,3
48,40,3
17,39,4
40,44,1
3,45,3
0,40,2
3,35,3
38,39,4
3,36,3
3,34,4
3,20,1
23,26,2
55,43,3
36,36,4
36,46,3
4,20,3
25,37,3
39,20,2
3,36,1
16,39,1
3,33,2
10,21,1
4,20,1
4,20,1
27,35,1
3,42,4
3,37,1
3,45,3
3,36,3
4,20,1
13,45,2
41,43,3
3,38,3
3,33,1
14,33,4
3,43,4
18,45,3
36,46,3
3,45,1
3,46,3
36,33,1
3,34,2
39,20,2
3,45,4
4,20,4
38,31,1
3,38,2
3,32,1
14,37,2
3,31,3
3,42,3
3,39,2
22,44,3
3,72,3
3,33,3
4,20,3
3,43,4
37,46,3
1,20,3
41,35,1
3,20,2
39,22,1
36,36,4
49,20,2
3,34,2
3,30,3
3,44,2
30,36,2
3,39,1
39,20,2
6,45,2
30,46,3
38,46,3
3,36,4
44,28,4
3,41,2
3,20,2
38,37,3
35,20,3
36,34,4
39,20,4
3,34,3
31,41,2
4,21,2
3,26,1
56,37,3
3,39,4
3,40,4
5,20,4
3,32,2
3,42,1
36,34,3
3,20,2
3,39,3
3,31,4
3,41,4
3,38,1
3,45,2
3,45,2
27,24,3
37,35,2
12,20,4
29,30,3
4,20,3
3,38,3
4,40,4
3,42,1
36,46,2
4,20,4
3,27,1
1,20,3
26,32,4
23,25,1
39,20,2
19,37,3
3,38,3
55,45,4
3,33,3
49,37,3
43,30,3
40,30,3
3,40,2
54,44,4
3,46,5
3,53,5
3,37,2
3,34,3
36,37,4
43,33,4
4,24,3
15,38,3
38,36,1
4,20,2
16,39,4
34,20,3
3,20,4
3,41,2
1,22,3
36,46,1
3,32,1
4,20,4
4,22,2
20,20,4
13,45,1
36,38,3
17,45,4
19,45,4
11,37,3
28,32,4
3,34,1
44,32,3
3,27,3
3,41,3
29,42,2
3,44,3
17,44,4
10,30,3
3,36,3
3,38,4
3,44,3
17,38,4
9,25,1
24,20,1
3,28,1
3,33,3
3,38,2
17,44,4
36,44,4
3,37,3
4,20,3
51,45,4
4,22,2
1,20,1
4,20,1
3,28,1
36,36,4
4,20,1
19,45,3
4,21,4
3,40,1
4,22,4
3,38,2
3,45,1
3,29,2
3,20,1
3,33,1
3,30,1
3,45,4
3,53,2
3,48,4
3,36,3
0,44,1
4,20,1
4,22,4
39,49,4
39,20,1
19,46,1
3,25,2
3,38,3
4,20,3
3,46,3
3,28,2
3,29,4
4,20,1
32,20,4
3,48,2
38,36,2
17,41,1
10,32,3
3,42,1
40,22,3
1,44,3
31,45,1
4,21,4
3,45,2
1,20,3
3,41,1
3,23,4
52,29,3
2,27,2
3,35,2
48,38,2
51,24,3
32,20,1
36,35,2
37,44,4
4,20,4
3,45,3
55,20,3
15,33,1
2,27,3
3,36,4
3,37,4
43,20,1
3,41,2
3,38,1
3,39,3
3,24,3
51,29,2
4,20,1
4,20,3
3,45,4
5,20,1
23,20,4
36,31,2
36,47,1
12,45,2
9,35,1
3,35,3
38,34,3
44,25,3
3,44,3
39,20,3
51,37,2
3,37,3
3,37,3
4,20,1
4,20,2
38,39,2
4,20,4
16,38,2
43,45,4
3,35,1
18,38,3
39,20,3
11,33,3
3,48,4
55,40,1
21,38,3
3,20,1
3,31,3
4,20,4
25,45,2
3,37,3
28,34,1
3,36,2
18,42,1
3,27,3
3,44,1
40,45,1
3,25,3
3,37,4
1,20,2
3,40,3
12,28,4
54,25,1
4,20,2
3,45,1
36,45,1
43,38,3
38,31,2
3,36,3
4,20,1
15,34,1
9,28,4
46,21,1
12,39,1
3,39,4
3,42,2
3,27,4
52,25,2
39,21,3
4,23,1
3,46,4
36,27,2
38,37,1
3,31,4
24,35,3
3,40,1
46,20,1
22,40,3
35,35,4
2,34,1
3,23,3
32,20,2
42,37,1
36,40,3
4,20,1
39,20,3
32,28,1
39,20,1
3,45,4
22,40,4
3,33,2
3,33,3
15,38,4
3,20,3
4,20,4
15,34,3
39,20,2
3,45,1
37,45,3
3,33,3
32,20,1
3,44,3
12,37,4
3,39,1
3,44,4
3,31,2
3,41,2
3,41,4
39,28,3
11,41,2
3,46,4
31,37,1
12,20,2
4,21,4
40,38,4
44,28,3
3,35,3
35,20,3
4,20,2
23,40,1
4,20,3
3,31,1
4,20,4
3,32,3
1,20,3
3,30,1
42,36,3
3,24,2
4,20,3
4,20,2
3,43,5
4,20,1
3,25,3
3,43,3
31,40,4
29,41,1
4,20,4
56,20,4
31,39,1
3,43,3
15,31,3
3,34,3
15,33,3
36,46,3
3,47,4
3,36,4
3,30,1
3,45,4
38,34,1
1,20,4
30,38,3
5,34,4
4,21,1
22,44,2
3,32,2
3,34,1
21,46,1
3,39,1
39,20,2
39,20,4
1,20,1
4,20,4
3,44,3
3,44,1
3,45,3
1,22,2
4,20,1
3,31,4
0,34,2
3,42,4
39,20,3
43,29,3
3,40,3
3,26,4
3,25,2
53,41,2
20,43,2
32,25,1
12,20,1
36,29,2
22,41,4
3,36,1
4,20,1
3,45,3
3,32,3
4,20,5
4,20,1
3,32,1
39,20,2
43,33,3
4,20,2
3,26,4
39,20,4
32,42,4
3,34,1
1,20,3
36,45,4
3,44,3
3,39,5
3,42,1
3,40,4
38,36,4
3,44,4
35,44,3
3,43,3
4,22,1
3,32,1
2,23,2
3,33,1
22,34,2
39,20,3
4,22,1
34,34,1
3,46,3
15,34,3
4,20,3
3,37,3
44,25,3
3,37,3
2,33,1
3,20,2
25,44,1
39,20,3
3,41,4
15,20,3
1,20,1
3,45,2
30,45,1
7,26,1
31,32,2
6,25,4
3,29,1
39,20,2
36,36,1
3,33,2
4,20,3
45,43,4
12,20,1
3,44,3
39,20,3
39,20,3
39,20,5
43,30,1
4,20,2
4,20,4
3,45,1
3,39,4
32,20,3
36,32,3
3,35,4
1,20,2
3,36,1
3,33,4
11,38,3
3,24,4
3,27,1
3,35,3
4,21,4
12,20,1
36,32,1
3,79,3
3,45,4
3,40,3
3,45,2
3,36,4
4,20,1
3,45,3
33,28,4
17,33,1
3,40,3
3,41,4
17,46,3
3,36,4
3,44,1
20,48,4
3,28,2
3,40,1
39,20,1
55,74,3
43,40,1
3,43,3
39,20,3
14,36,3
52,39,3
3,46,1
3,40,5
3,40,3
37,45,2
22,45,2
4,20,5
3,44,5
39,20,1
53,29,4
3,38,1
4,20,1
43,32,2
38,35,4
4,21,2
3,35,4
3,35,4
3,20,3
9,30,3
3,33,2
23,35,1
39,20,2
29,40,1
30,36,2
4,20,4
3,40,3
3,41,1
38,32,2
3,38,3
39,26,2
3,45,1
24,45,3
3,45,3
3,45,2
49,20,4
3,34,2
3,28,2
3,38,1
55,44,4
22,37,3
3,27,4
4,45,3
3,28,1
3,45,3
44,24,3
3,32,4
4,20,2
15,35,3
43,38,4
3,33,2
52,37,3
3,33,1
1,20,2
15,27,2
3,45,4
52,20,2
56,20,4
36,45,2
3,38,3
12,20,3
4,21,3
4,20,3
4,20,2
30,20,3
3,29,3
4,21,1
38,34,3
5,20,2
3,44,3
3,34,4
4,20,3
3,37,4
3,33,2
3,20,3
22,36,1
42,34,2
44,26,1
3,25,3
3,44,2
39,22,2
3,20,3
38,37,4
3,20,1
1,20,3
3,37,2
39,20,2
26,46,4
43,32,4
3,47,2
3,41,3
3,47,3
17,46,4
5,29,1
3,31,3
3,37,2
4,22,4
4,22,1
30,25,3
52,24,2
3,26,4
3,27,3
3,39,3
4,20,1
44,26,4
15,36,3
3,36,1
50,46,4
52,32,1
39,20,4
47,46,3
3,20,4
3,38,4
17,35,2
3,25,2
44,27,3
3,46,3
36,26,1
38,30,1
3,36,2
4,21,3
46,20,4
4,22,2
38,20,3
3,38,1
39,22,1
32,20,3
4,21,3
39,20,1
0,39,2
3,26,1
56,30,4
15,24,1
56,37,2
3,44,3
3,37,3
3,45,4
3,26,1
3,28,3
13,20,3
39,20,4
44,25,2
53,31,3
3,32,3
4,20,4
3,37,4
35,47,2
36,36,2
4,20,3
3,39,1
43,44,1
38,38,3
2,39,2
34,20,1
3,20,1
52,37,3
56,20,2
3,45,2
3,26,4
3,27,3
22,37,5
28,45,1
55,45,1
4,20,2
12,20,4
3,20,1
4,22,3
48,37,2
3,37,4
3,38,4
3,40,2
3,20,4
26,20,1
3,20,2
3,36,3
48,41,1
8,31,3
4,20,4
11,37,3
20,45,2
3,24,3
3,29,3
53,20,3
3,45,4
3,30,5
3,38,1
3,45,3
45,41,4
3,40,1
38,37,4
20,39,4
45,23,4
37,44,2
3,36,3
4,20,1
3,32,1
4,21,1
4,20,2
46,34,3
3,43,2
4,21,3
3,44,1
1,22,1
36,46,3
28,26,3
36,36,3
39,20,3
3,36,3
3,36,4
44,28,3
3,42,4
6,39,3
25,37,2
12,21,4
4,22,4
2,40,4
3,45,3
49,31,4
36,46,4
3,33,1
33,44,1
4,20,2
3,46,1
28,29,1
4,20,3
47,37,1
4,20,1
3,32,2
38,44,3
3,37,1
38,34,4
3,44,2
38,20,4
3,36,1
4,21,1
3,45,3
31,38,1
3,38,1
3,36,3
38,46,3
4,22,1
15,27,4
4,46,3
36,44,2
3,35,2
4,20,2
54,33,2
3,38,4
12,20,4
47,42,1
1,20,3
38,37,1
54,35,1
36,37,3
54,38,1
3,36,3
3,35,4
37,22,3
32,20,3
3,37,1
43,37,3
3,31,1
44,40,3
4,20,2
39,20,3
4,20,2
3,34,1
49,46,3
3,38,4
3,28,3
3,33,1
3,37,2
3,29,3
43,48,3
24,42,4
3,20,3
29,42,3
4,20,3
14,44,3
3,36,3
39,21,1
7,28,3
3,45,5
33,48,1
19,40,1
17,36,2
11,45,2
3,38,4
4,20,2
39,20,3
1,20,1
38,27,1
0,49,3
3,41,3
43,28,3
3,41,4
3,33,4
3,39,1
36,39,2
3,30,2
37,45,3
38,27,3
42,45,2
54,45,3
39,23,3
4,20,2
44,27,3
39,20,4
3,39,2
25,33,3
36,40,3
4,20,3
25,26,3
3,30,1
3,20,4
4,20,1
4,20,2
24,20,3
41,30,1
4,20,3
3,46,3
3,45,2
13,32,3
3,46,2
15,40,3
4,20,2
44,27,3
10,42,3
3,40,2
3,45,2
3,27,4
3,20,1
28,41,3
3,26,3
4,20,3
4,20,1
38,37,1
3,41,3
3,40,1
4,20,2
43,26,3
4,20,4
44,40,3
3,32,1
1,21,2
46,20,2
3,38,4
4,20,2
3,45,4
39,20,2
3,35,3
4,20,1
3,43,3
3,39,4
4,20,1
35,43,2
3,29,4
4,21,2
15,30,3
3,34,1
48,39,4
1,20,2
3,37,3
3,45,4
36,37,4
4,20,3
4,20,2
44,32,2
36,25,4
43,36,3
3,32,2
3,44,4
4,20,1
3,32,4
15,31,1
3,20,4
3,46,1
20,24,3
1,38,4
3,43,1
1,20,2
3,47,4
3,22,3
4,20,2
3,33,3
3,36,4
4,23,3
3,38,1
3,37,1
4,20,3
50,37,3
47,36,1
55,42,1
4,20,1
43,32,3
43,39,4
13,39,1
3,44,1
36,45,2
44,45,4
3,36,2
39,20,3
4,20,1
4,20,1
3,45,3
36,45,1
39,20,2
3,38,1
43,34,1
3,28,3
31,20,4
15,20,1
4,20,3
17,34,1
12,20,4
33,42,4
3,40,2
4,20,2
41,26,2
53,45,2
38,36,3
20,44,3
47,39,4
1,20,3
3,35,1
5,20,2
36,41,1
36,44,3
